DROP DATABASE IF EXISTS `easy_care_gardening`;
create database easy_care_gardening;
use easy_care_gardening;
SET NAMES utf8 ;
SET character_set_client = utf8mb4 ;

-- Table structure for table `areas`
--

CREATE TABLE `areas` (
  `id` int(11) NOT NULL,
  `area_name` varchar(255) DEFAULT NULL,
  `updated_at` timestamp NULL DEFAULT current_timestamp(),
  `created_at` timestamp NULL DEFAULT current_timestamp()
) ENGINE=InnoDB DEFAULT CHARSET=utf8mb4;

--
-- Dumping data for table `areas`
--

INSERT INTO `areas` (`id`, `area_name`, `updated_at`, `created_at`) VALUES
(1, 'Sydney', '2022-09-23 12:12:59', '2022-09-23 12:12:59'),
(2, 'Brisbane', '2022-09-23 12:13:13', '2022-09-23 12:13:13'),
(3, 'Perth', '2022-09-23 12:13:13', '2022-09-23 12:13:13'),
(4, 'Adelaide', '2022-09-23 12:13:32', '2022-09-23 12:13:32'),
(5, 'Melbourne', '2022-09-23 12:13:32', '2022-09-23 12:13:32');

-- --------------------------------------------------------

--
-- Table structure for table `availability`
--

CREATE TABLE `availability` (
  `id` int(11) NOT NULL,
  `volunteer_id` int(11) NOT NULL,
  `weekly` int(11) DEFAULT NULL,
  `fortnightly` int(11) DEFAULT NULL,
  `monthly` int(11) DEFAULT NULL,
  `full_day` int(11) DEFAULT NULL,
  `half_day_morning` int(11) DEFAULT NULL,
  `half_day_afternoon` int(11) DEFAULT NULL,
  `monday` int(11) DEFAULT NULL,
  `tuesday` int(11) DEFAULT NULL,
  `wednesday` int(11) DEFAULT NULL,
  `thursday` int(11) DEFAULT NULL,
  `friday` int(11) DEFAULT NULL,
  `saturday` int(11) DEFAULT NULL,
  `updated_at` datetime DEFAULT current_timestamp(),
  `created_at` datetime DEFAULT current_timestamp()
) ENGINE=InnoDB DEFAULT CHARSET=utf8mb4;

--
-- Dumping data for table `availability`
--

INSERT INTO `availability` (`id`, `volunteer_id`, `weekly`, `fortnightly`, `monthly`, `full_day`, `half_day_morning`, `half_day_afternoon`, `monday`, `tuesday`, `wednesday`, `thursday`, `friday`, `saturday`, `updated_at`, `created_at`) VALUES
(1, 3, 2, 2, 2, 2, 2, 1, 2, 2, 2, 1, 2, 2, '0000-00-00 00:00:00', '0000-00-00 00:00:00'),
(2, 4, 2, 1, 2, 1, 2, 1, 2, 2, 1, 2, 1, 2, '0000-00-00 00:00:00', '0000-00-00 00:00:00'),
(3, 5, 1, 1, 2, 1, 2, 1, 1, 2, 1, 1, 2, 1, '0000-00-00 00:00:00', '0000-00-00 00:00:00'),
(4, 6, 2, 2, 1, 1, 2, 2, 2, 2, 2, 2, 1, 1, '0000-00-00 00:00:00', '0000-00-00 00:00:00'),
(5, 7, 2, 1, 2, 1, 2, 1, 1, 1, 1, 2, 1, 2, '0000-00-00 00:00:00', '0000-00-00 00:00:00'),
(6, 8, 2, 1, 2, 1, 1, 2, 1, 1, 2, 1, 1, 2, '0000-00-00 00:00:00', '0000-00-00 00:00:00'),
(7, 9, 2, 2, 2, 2, 2, 2, 1, 2, 2, 2, 1, 2, '0000-00-00 00:00:00', '0000-00-00 00:00:00'),
(8, 10, 1, 2, 1, 2, 2, 1, 2, 1, 2, 2, 1, 2, '0000-00-00 00:00:00', '0000-00-00 00:00:00'),
(9, 11, 2, 2, 2, 1, 2, 1, 2, 2, 2, 1, 1, 1, '0000-00-00 00:00:00', '0000-00-00 00:00:00'),
(10, 12, 2, 1, 2, 2, 2, 1, 2, 2, 2, 1, 2, 1, '0000-00-00 00:00:00', '0000-00-00 00:00:00'),
(11, 13, 2, 2, 1, 2, 2, 1, 2, 1, 1, 2, 2, 1, '0000-00-00 00:00:00', '0000-00-00 00:00:00'),
(12, 14, 1, 1, 1, 1, 1, 1, 1, 1, 2, 2, 2, 1, '0000-00-00 00:00:00', '0000-00-00 00:00:00'),
(13, 15, 2, 1, 2, 1, 1, 1, 1, 1, 2, 2, 1, 2, '0000-00-00 00:00:00', '0000-00-00 00:00:00'),
(14, 16, 1, 2, 1, 1, 2, 1, 1, 2, 1, 2, 2, 2, '0000-00-00 00:00:00', '0000-00-00 00:00:00'),
(15, 17, 2, 1, 1, 1, 2, 2, 1, 1, 1, 1, 1, 1, '0000-00-00 00:00:00', '0000-00-00 00:00:00'),
(16, 18, 2, 2, 2, 1, 2, 2, 1, 2, 1, 2, 1, 2, '0000-00-00 00:00:00', '0000-00-00 00:00:00'),
(17, 19, 1, 1, 2, 1, 1, 2, 1, 1, 1, 2, 2, 1, '0000-00-00 00:00:00', '0000-00-00 00:00:00'),
(18, 20, 1, 1, 1, 2, 1, 1, 2, 2, 2, 1, 2, 1, '0000-00-00 00:00:00', '0000-00-00 00:00:00'),
(19, 21, 1, 2, 2, 2, 1, 2, 2, 2, 1, 2, 1, 1, '0000-00-00 00:00:00', '0000-00-00 00:00:00'),
(20, 22, 1, 2, 1, 2, 1, 2, 2, 1, 2, 2, 1, 2, '0000-00-00 00:00:00', '0000-00-00 00:00:00'),
(21, 23, 1, 2, 1, 2, 2, 2, 1, 2, 1, 1, 1, 1, '0000-00-00 00:00:00', '0000-00-00 00:00:00'),
(22, 24, 2, 1, 1, 1, 2, 2, 1, 2, 1, 2, 1, 1, '0000-00-00 00:00:00', '0000-00-00 00:00:00'),
(23, 25, 1, 2, 2, 2, 1, 2, 1, 2, 2, 2, 1, 2, '0000-00-00 00:00:00', '0000-00-00 00:00:00'),
(24, 26, 2, 1, 1, 1, 1, 2, 1, 1, 1, 2, 1, 2, '0000-00-00 00:00:00', '0000-00-00 00:00:00'),
(25, 27, 1, 2, 2, 2, 1, 2, 1, 1, 2, 2, 2, 2, '0000-00-00 00:00:00', '0000-00-00 00:00:00'),
(26, 28, 2, 2, 1, 2, 1, 2, 1, 2, 1, 2, 2, 1, '0000-00-00 00:00:00', '0000-00-00 00:00:00'),
(27, 29, 2, 2, 2, 1, 1, 1, 2, 2, 1, 2, 2, 2, '0000-00-00 00:00:00', '0000-00-00 00:00:00'),
(28, 30, 1, 1, 2, 1, 2, 2, 2, 1, 1, 2, 2, 2, '0000-00-00 00:00:00', '0000-00-00 00:00:00'),
(29, 31, 1, 1, 2, 2, 2, 1, 1, 1, 2, 1, 1, 2, '0000-00-00 00:00:00', '0000-00-00 00:00:00'),
(30, 32, 2, 1, 1, 2, 1, 1, 2, 1, 2, 1, 2, 2, '0000-00-00 00:00:00', '0000-00-00 00:00:00'),
(31, 33, 1, 1, 1, 2, 1, 2, 2, 2, 2, 2, 1, 1, '0000-00-00 00:00:00', '0000-00-00 00:00:00'),
(32, 34, 2, 2, 2, 1, 1, 2, 2, 2, 1, 1, 1, 2, '0000-00-00 00:00:00', '0000-00-00 00:00:00'),
(33, 35, 1, 2, 2, 1, 2, 2, 1, 1, 1, 1, 2, 2, '0000-00-00 00:00:00', '0000-00-00 00:00:00'),
(34, 36, 2, 1, 2, 2, 2, 1, 2, 1, 1, 1, 1, 2, '0000-00-00 00:00:00', '0000-00-00 00:00:00'),
(35, 37, 2, 2, 2, 2, 1, 1, 1, 1, 2, 1, 1, 2, '0000-00-00 00:00:00', '0000-00-00 00:00:00'),
(36, 38, 2, 1, 1, 2, 1, 2, 2, 2, 1, 2, 1, 2, '0000-00-00 00:00:00', '0000-00-00 00:00:00'),
(37, 39, 1, 1, 1, 1, 1, 2, 2, 2, 2, 1, 1, 1, '0000-00-00 00:00:00', '0000-00-00 00:00:00'),
(38, 40, 1, 1, 2, 2, 1, 1, 1, 2, 1, 1, 2, 2, '0000-00-00 00:00:00', '0000-00-00 00:00:00'),
(39, 41, 1, 1, 2, 2, 2, 2, 1, 2, 1, 2, 2, 1, '0000-00-00 00:00:00', '0000-00-00 00:00:00'),
(40, 42, 2, 2, 2, 1, 2, 2, 2, 1, 2, 1, 2, 1, '0000-00-00 00:00:00', '0000-00-00 00:00:00'),
(41, 43, 1, 1, 2, 1, 2, 1, 1, 1, 2, 1, 1, 1, '0000-00-00 00:00:00', '0000-00-00 00:00:00'),
(42, 44, 2, 1, 2, 2, 2, 2, 2, 1, 2, 1, 2, 1, '0000-00-00 00:00:00', '0000-00-00 00:00:00'),
(43, 45, 1, 2, 2, 1, 2, 2, 2, 2, 2, 1, 2, 1, '0000-00-00 00:00:00', '0000-00-00 00:00:00'),
(44, 46, 1, 1, 2, 2, 1, 1, 2, 2, 2, 2, 2, 1, '0000-00-00 00:00:00', '0000-00-00 00:00:00'),
(45, 47, 2, 2, 1, 2, 1, 2, 1, 2, 1, 1, 1, 2, '0000-00-00 00:00:00', '0000-00-00 00:00:00'),
(46, 48, 1, 2, 1, 2, 1, 2, 2, 1, 2, 2, 1, 1, '0000-00-00 00:00:00', '0000-00-00 00:00:00'),
(47, 49, 2, 2, 1, 2, 2, 1, 1, 1, 2, 1, 2, 2, '0000-00-00 00:00:00', '0000-00-00 00:00:00'),
(48, 50, 2, 1, 1, 1, 2, 1, 2, 1, 1, 1, 1, 1, '0000-00-00 00:00:00', '0000-00-00 00:00:00'),
(49, 51, 1, 1, 2, 1, 2, 2, 2, 2, 2, 2, 2, 2, '0000-00-00 00:00:00', '0000-00-00 00:00:00'),
(50, 52, 1, 2, 1, 2, 1, 1, 1, 2, 2, 1, 2, 1, '0000-00-00 00:00:00', '0000-00-00 00:00:00'),
(51, 53, 2, 2, 1, 2, 1, 2, 1, 2, 2, 2, 1, 2, '0000-00-00 00:00:00', '0000-00-00 00:00:00'),
(52, 54, 2, 1, 2, 1, 2, 1, 2, 1, 1, 1, 2, 2, '0000-00-00 00:00:00', '0000-00-00 00:00:00'),
(53, 55, 1, 2, 2, 2, 1, 2, 1, 1, 2, 2, 2, 1, '0000-00-00 00:00:00', '0000-00-00 00:00:00'),
(54, 56, 2, 2, 2, 2, 2, 2, 1, 2, 2, 2, 1, 2, '0000-00-00 00:00:00', '0000-00-00 00:00:00'),
(55, 57, 1, 1, 1, 1, 1, 1, 1, 1, 1, 2, 1, 1, '0000-00-00 00:00:00', '0000-00-00 00:00:00'),
(56, 58, 1, 1, 2, 1, 1, 2, 1, 2, 1, 1, 2, 2, '0000-00-00 00:00:00', '0000-00-00 00:00:00'),
(57, 59, 1, 1, 1, 2, 1, 1, 1, 2, 1, 1, 2, 1, '0000-00-00 00:00:00', '0000-00-00 00:00:00'),
(58, 60, 2, 1, 2, 1, 1, 2, 2, 1, 1, 2, 1, 1, '0000-00-00 00:00:00', '0000-00-00 00:00:00'),
(59, 61, 2, 1, 2, 1, 1, 1, 1, 2, 2, 2, 2, 2, '0000-00-00 00:00:00', '0000-00-00 00:00:00'),
(60, 62, 2, 1, 1, 1, 1, 1, 1, 1, 2, 2, 1, 2, '0000-00-00 00:00:00', '0000-00-00 00:00:00'),
(61, 63, 2, 1, 1, 1, 2, 2, 1, 2, 2, 2, 1, 1, '0000-00-00 00:00:00', '0000-00-00 00:00:00'),
(62, 64, 1, 2, 2, 1, 2, 1, 2, 2, 1, 1, 2, 2, '0000-00-00 00:00:00', '0000-00-00 00:00:00'),
(63, 65, 1, 1, 1, 2, 1, 2, 2, 1, 2, 2, 1, 2, '0000-00-00 00:00:00', '0000-00-00 00:00:00'),
(64, 66, 1, 1, 1, 2, 2, 1, 2, 2, 2, 2, 2, 1, '0000-00-00 00:00:00', '0000-00-00 00:00:00'),
(65, 67, 2, 1, 2, 2, 1, 2, 1, 2, 1, 1, 1, 2, '0000-00-00 00:00:00', '0000-00-00 00:00:00'),
(66, 68, 2, 2, 2, 2, 1, 1, 1, 2, 1, 1, 1, 1, '0000-00-00 00:00:00', '0000-00-00 00:00:00'),
(67, 69, 2, 1, 2, 2, 1, 1, 2, 1, 2, 1, 2, 1, '0000-00-00 00:00:00', '0000-00-00 00:00:00'),
(68, 70, 2, 1, 1, 1, 1, 1, 2, 2, 1, 2, 2, 1, '0000-00-00 00:00:00', '0000-00-00 00:00:00'),
(69, 71, 1, 1, 1, 1, 2, 1, 1, 1, 1, 2, 2, 2, '0000-00-00 00:00:00', '0000-00-00 00:00:00'),
(70, 72, 2, 1, 1, 1, 1, 1, 2, 2, 2, 1, 1, 1, '0000-00-00 00:00:00', '0000-00-00 00:00:00'),
(71, 73, 1, 1, 1, 1, 1, 1, 2, 1, 2, 1, 1, 1, '0000-00-00 00:00:00', '0000-00-00 00:00:00'),
(72, 74, 2, 1, 1, 1, 2, 2, 2, 1, 1, 1, 2, 1, '0000-00-00 00:00:00', '0000-00-00 00:00:00'),
(73, 75, 2, 1, 1, 1, 2, 1, 1, 1, 2, 1, 2, 2, '0000-00-00 00:00:00', '0000-00-00 00:00:00'),
(74, 76, 1, 1, 1, 1, 2, 1, 1, 1, 1, 2, 2, 1, '0000-00-00 00:00:00', '0000-00-00 00:00:00'),
(75, 77, 2, 2, 2, 1, 2, 1, 1, 1, 1, 1, 2, 1, '0000-00-00 00:00:00', '0000-00-00 00:00:00'),
(76, 78, 1, 1, 2, 1, 2, 2, 1, 1, 2, 2, 1, 2, '0000-00-00 00:00:00', '0000-00-00 00:00:00'),
(77, 79, 2, 1, 1, 2, 1, 1, 1, 1, 1, 2, 1, 2, '0000-00-00 00:00:00', '0000-00-00 00:00:00'),
(78, 80, 1, 2, 1, 1, 1, 2, 1, 2, 1, 1, 2, 1, '0000-00-00 00:00:00', '0000-00-00 00:00:00'),
(79, 81, 1, 2, 2, 1, 2, 1, 2, 2, 1, 1, 1, 1, '0000-00-00 00:00:00', '0000-00-00 00:00:00'),
(80, 82, 1, 1, 1, 1, 2, 2, 2, 1, 1, 1, 2, 2, '0000-00-00 00:00:00', '0000-00-00 00:00:00'),
(81, 83, 2, 1, 1, 2, 1, 1, 2, 1, 2, 1, 1, 1, '0000-00-00 00:00:00', '0000-00-00 00:00:00'),
(82, 84, 2, 1, 1, 2, 2, 1, 2, 1, 1, 2, 1, 1, '0000-00-00 00:00:00', '0000-00-00 00:00:00'),
(83, 85, 1, 2, 1, 1, 2, 2, 1, 2, 2, 2, 2, 2, '0000-00-00 00:00:00', '0000-00-00 00:00:00'),
(84, 86, 2, 2, 1, 1, 1, 2, 1, 1, 1, 2, 2, 1, '0000-00-00 00:00:00', '0000-00-00 00:00:00'),
(85, 87, 1, 2, 2, 2, 2, 2, 2, 2, 1, 1, 1, 2, '0000-00-00 00:00:00', '0000-00-00 00:00:00'),
(86, 88, 2, 1, 1, 2, 1, 2, 1, 1, 1, 1, 2, 2, '0000-00-00 00:00:00', '0000-00-00 00:00:00'),
(87, 89, 2, 2, 2, 2, 1, 2, 1, 1, 2, 2, 2, 1, '0000-00-00 00:00:00', '0000-00-00 00:00:00'),
(88, 90, 2, 2, 2, 2, 1, 2, 2, 2, 1, 1, 1, 2, '0000-00-00 00:00:00', '0000-00-00 00:00:00'),
(89, 91, 1, 1, 1, 1, 2, 2, 2, 1, 1, 2, 1, 2, '0000-00-00 00:00:00', '0000-00-00 00:00:00'),
(90, 92, 1, 2, 1, 2, 2, 2, 1, 1, 2, 2, 2, 2, '0000-00-00 00:00:00', '0000-00-00 00:00:00'),
(91, 93, 2, 2, 1, 2, 1, 2, 2, 1, 1, 2, 2, 2, '0000-00-00 00:00:00', '0000-00-00 00:00:00'),
(92, 94, 1, 2, 2, 1, 1, 1, 1, 2, 2, 2, 1, 1, '0000-00-00 00:00:00', '0000-00-00 00:00:00'),
(93, 95, 2, 1, 2, 1, 1, 1, 1, 2, 2, 2, 1, 1, '0000-00-00 00:00:00', '0000-00-00 00:00:00'),
(94, 96, 1, 1, 2, 2, 2, 1, 2, 2, 2, 1, 2, 2, '0000-00-00 00:00:00', '0000-00-00 00:00:00'),
(95, 97, 2, 2, 2, 1, 1, 2, 1, 1, 2, 1, 1, 1, '0000-00-00 00:00:00', '0000-00-00 00:00:00'),
(96, 98, 1, 2, 1, 1, 2, 1, 2, 2, 1, 1, 1, 2, '0000-00-00 00:00:00', '0000-00-00 00:00:00'),
(97, 99, 2, 2, 2, 2, 1, 2, 1, 2, 1, 2, 1, 2, '0000-00-00 00:00:00', '0000-00-00 00:00:00'),
(98, 100, 2, 1, 2, 1, 1, 1, 2, 1, 1, 2, 2, 2, '0000-00-00 00:00:00', '0000-00-00 00:00:00'),
(99, 101, 1, 2, 2, 1, 2, 1, 2, 1, 1, 2, 1, 1, '0000-00-00 00:00:00', '0000-00-00 00:00:00'),
(100, 102, 2, 2, 1, 2, 1, 2, 2, 2, 1, 2, 1, 1, '0000-00-00 00:00:00', '0000-00-00 00:00:00'),
(101, 103, 1, 2, 2, 1, 2, 2, 2, 1, 2, 1, 1, 2, '0000-00-00 00:00:00', '0000-00-00 00:00:00'),
(102, 104, 1, 1, 1, 1, 2, 1, 1, 1, 1, 2, 2, 2, '0000-00-00 00:00:00', '0000-00-00 00:00:00'),
(103, 105, 2, 2, 1, 2, 2, 2, 1, 1, 1, 1, 2, 1, '0000-00-00 00:00:00', '0000-00-00 00:00:00'),
(104, 106, 2, 1, 1, 2, 2, 1, 2, 2, 1, 1, 2, 1, '0000-00-00 00:00:00', '0000-00-00 00:00:00'),
(105, 107, 1, 2, 2, 2, 2, 1, 1, 2, 1, 2, 2, 1, '0000-00-00 00:00:00', '0000-00-00 00:00:00'),
(106, 108, 2, 2, 2, 2, 1, 2, 2, 1, 1, 2, 1, 2, '0000-00-00 00:00:00', '0000-00-00 00:00:00'),
(107, 109, 1, 2, 2, 2, 2, 2, 1, 2, 2, 1, 1, 2, '0000-00-00 00:00:00', '0000-00-00 00:00:00'),
(108, 110, 1, 1, 2, 1, 2, 2, 1, 1, 1, 2, 2, 1, '0000-00-00 00:00:00', '0000-00-00 00:00:00'),
(109, 111, 1, 1, 1, 1, 2, 1, 2, 2, 2, 1, 2, 1, '0000-00-00 00:00:00', '0000-00-00 00:00:00'),
(110, 112, 1, 1, 2, 1, 2, 2, 1, 2, 1, 2, 2, 1, '0000-00-00 00:00:00', '0000-00-00 00:00:00'),
(111, 113, 2, 2, 2, 2, 1, 1, 2, 2, 2, 1, 2, 1, '0000-00-00 00:00:00', '0000-00-00 00:00:00'),
(112, 114, 1, 1, 2, 1, 1, 2, 1, 2, 1, 1, 1, 2, '0000-00-00 00:00:00', '0000-00-00 00:00:00'),
(113, 115, 2, 2, 2, 2, 2, 2, 1, 1, 1, 2, 1, 1, '0000-00-00 00:00:00', '0000-00-00 00:00:00'),
(114, 116, 2, 2, 2, 1, 2, 1, 1, 1, 2, 2, 1, 2, '0000-00-00 00:00:00', '0000-00-00 00:00:00'),
(115, 117, 2, 2, 2, 2, 1, 2, 2, 1, 2, 2, 1, 1, '0000-00-00 00:00:00', '0000-00-00 00:00:00'),
(116, 118, 1, 1, 1, 2, 2, 2, 2, 2, 2, 2, 1, 2, '0000-00-00 00:00:00', '0000-00-00 00:00:00'),
(117, 119, 1, 1, 1, 1, 1, 2, 1, 2, 2, 2, 1, 1, '0000-00-00 00:00:00', '0000-00-00 00:00:00'),
(118, 120, 2, 1, 2, 1, 2, 2, 2, 2, 1, 1, 2, 1, '0000-00-00 00:00:00', '0000-00-00 00:00:00'),
(119, 121, 2, 1, 1, 1, 2, 1, 1, 2, 2, 1, 1, 2, '0000-00-00 00:00:00', '0000-00-00 00:00:00'),
(120, 122, 1, 2, 1, 1, 1, 1, 2, 2, 2, 2, 2, 1, '0000-00-00 00:00:00', '0000-00-00 00:00:00'),
(121, 123, 1, 1, 2, 2, 2, 1, 1, 1, 2, 2, 2, 2, '0000-00-00 00:00:00', '0000-00-00 00:00:00'),
(122, 124, 1, 2, 2, 2, 2, 1, 2, 2, 2, 2, 2, 2, '0000-00-00 00:00:00', '0000-00-00 00:00:00'),
(123, 125, 2, 1, 1, 1, 2, 2, 1, 2, 1, 1, 2, 2, '0000-00-00 00:00:00', '0000-00-00 00:00:00'),
(124, 126, 2, 1, 2, 1, 1, 1, 1, 2, 2, 2, 1, 2, '0000-00-00 00:00:00', '0000-00-00 00:00:00'),
(125, 127, 1, 1, 1, 1, 2, 2, 2, 2, 2, 1, 2, 1, '0000-00-00 00:00:00', '0000-00-00 00:00:00'),
(126, 128, 2, 2, 2, 2, 1, 2, 2, 2, 2, 1, 1, 2, '0000-00-00 00:00:00', '0000-00-00 00:00:00'),
(127, 129, 2, 1, 1, 2, 2, 1, 2, 1, 2, 1, 2, 2, '0000-00-00 00:00:00', '0000-00-00 00:00:00'),
(128, 130, 1, 2, 2, 1, 2, 2, 2, 1, 2, 2, 2, 1, '0000-00-00 00:00:00', '0000-00-00 00:00:00'),
(129, 131, 1, 1, 2, 2, 2, 2, 2, 1, 2, 2, 1, 1, '0000-00-00 00:00:00', '0000-00-00 00:00:00'),
(130, 132, 2, 1, 1, 1, 2, 1, 2, 1, 2, 2, 1, 1, '0000-00-00 00:00:00', '0000-00-00 00:00:00'),
(131, 133, 2, 1, 2, 1, 1, 2, 2, 2, 2, 1, 2, 1, '0000-00-00 00:00:00', '0000-00-00 00:00:00'),
(132, 134, 1, 1, 1, 2, 2, 2, 2, 2, 1, 2, 1, 2, '0000-00-00 00:00:00', '0000-00-00 00:00:00'),
(133, 135, 2, 1, 1, 1, 1, 2, 1, 1, 2, 1, 2, 1, '0000-00-00 00:00:00', '0000-00-00 00:00:00'),
(134, 136, 1, 1, 2, 2, 1, 1, 2, 1, 2, 2, 1, 1, '0000-00-00 00:00:00', '0000-00-00 00:00:00'),
(135, 137, 1, 2, 1, 1, 2, 1, 1, 1, 2, 2, 1, 2, '0000-00-00 00:00:00', '0000-00-00 00:00:00'),
(136, 138, 1, 1, 2, 2, 2, 1, 2, 2, 1, 2, 1, 1, '0000-00-00 00:00:00', '0000-00-00 00:00:00'),
(137, 139, 2, 1, 2, 1, 1, 1, 2, 1, 2, 2, 2, 1, '0000-00-00 00:00:00', '0000-00-00 00:00:00'),
(138, 140, 1, 1, 1, 1, 2, 1, 2, 1, 2, 1, 2, 2, '0000-00-00 00:00:00', '0000-00-00 00:00:00'),
(139, 141, 2, 1, 1, 2, 1, 2, 1, 2, 1, 2, 2, 2, '0000-00-00 00:00:00', '0000-00-00 00:00:00'),
(140, 142, 2, 1, 2, 1, 1, 2, 1, 1, 1, 1, 2, 2, '0000-00-00 00:00:00', '0000-00-00 00:00:00'),
(141, 143, 2, 2, 2, 2, 1, 2, 2, 1, 2, 1, 1, 2, '0000-00-00 00:00:00', '0000-00-00 00:00:00'),
(142, 144, 2, 2, 2, 2, 2, 2, 1, 1, 2, 1, 2, 2, '0000-00-00 00:00:00', '0000-00-00 00:00:00'),
(143, 145, 1, 1, 1, 2, 2, 1, 1, 1, 2, 2, 1, 1, '0000-00-00 00:00:00', '0000-00-00 00:00:00'),
(144, 146, 2, 1, 1, 2, 2, 2, 1, 1, 1, 2, 1, 1, '0000-00-00 00:00:00', '0000-00-00 00:00:00'),
(145, 147, 1, 2, 1, 2, 2, 1, 2, 1, 1, 1, 1, 2, '0000-00-00 00:00:00', '0000-00-00 00:00:00'),
(146, 148, 1, 2, 1, 1, 2, 2, 1, 1, 2, 2, 1, 1, '0000-00-00 00:00:00', '0000-00-00 00:00:00'),
(147, 149, 2, 1, 2, 1, 2, 1, 2, 2, 2, 2, 1, 2, '0000-00-00 00:00:00', '0000-00-00 00:00:00'),
(148, 150, 1, 2, 1, 2, 1, 2, 1, 2, 1, 1, 1, 1, '0000-00-00 00:00:00', '0000-00-00 00:00:00'),
(149, 151, 1, 2, 1, 1, 2, 2, 1, 2, 1, 2, 2, 2, '0000-00-00 00:00:00', '0000-00-00 00:00:00'),
(150, 152, 2, 2, 2, 1, 1, 2, 2, 2, 1, 1, 1, 1, '0000-00-00 00:00:00', '0000-00-00 00:00:00'),
(151, 153, 1, 2, 2, 1, 2, 2, 1, 1, 2, 1, 1, 1, '0000-00-00 00:00:00', '0000-00-00 00:00:00'),
(152, 154, 1, 2, 1, 2, 2, 1, 2, 1, 1, 1, 2, 1, '0000-00-00 00:00:00', '0000-00-00 00:00:00'),
(153, 155, 2, 2, 1, 1, 2, 2, 2, 1, 2, 2, 2, 2, '0000-00-00 00:00:00', '0000-00-00 00:00:00'),
(154, 156, 2, 2, 2, 2, 1, 2, 1, 1, 1, 1, 2, 2, '0000-00-00 00:00:00', '0000-00-00 00:00:00'),
(155, 157, 2, 1, 2, 1, 1, 2, 1, 2, 1, 2, 1, 1, '0000-00-00 00:00:00', '0000-00-00 00:00:00'),
(156, 158, 1, 2, 1, 2, 2, 1, 1, 1, 1, 2, 1, 1, '0000-00-00 00:00:00', '0000-00-00 00:00:00'),
(157, 159, 2, 2, 1, 1, 1, 1, 2, 2, 2, 2, 2, 2, '0000-00-00 00:00:00', '0000-00-00 00:00:00'),
(158, 160, 1, 1, 2, 1, 2, 1, 2, 1, 1, 2, 2, 1, '0000-00-00 00:00:00', '0000-00-00 00:00:00'),
(159, 161, 1, 2, 1, 1, 1, 1, 1, 2, 1, 1, 2, 1, '0000-00-00 00:00:00', '0000-00-00 00:00:00'),
(160, 162, 1, 2, 1, 2, 2, 2, 1, 1, 2, 2, 1, 2, '0000-00-00 00:00:00', '0000-00-00 00:00:00'),
(161, 163, 2, 2, 1, 1, 1, 1, 2, 1, 1, 1, 2, 2, '0000-00-00 00:00:00', '0000-00-00 00:00:00'),
(162, 164, 2, 1, 2, 2, 1, 2, 2, 2, 2, 1, 2, 2, '0000-00-00 00:00:00', '0000-00-00 00:00:00'),
(163, 165, 1, 1, 2, 2, 1, 2, 2, 2, 2, 2, 2, 1, '0000-00-00 00:00:00', '0000-00-00 00:00:00'),
(164, 166, 1, 1, 2, 1, 2, 1, 1, 2, 1, 1, 1, 1, '0000-00-00 00:00:00', '0000-00-00 00:00:00'),
(165, 167, 2, 1, 2, 2, 1, 1, 2, 2, 2, 1, 2, 2, '0000-00-00 00:00:00', '0000-00-00 00:00:00'),
(166, 168, 1, 2, 2, 1, 2, 2, 2, 2, 2, 1, 2, 2, '0000-00-00 00:00:00', '0000-00-00 00:00:00'),
(167, 169, 1, 2, 1, 2, 1, 1, 1, 1, 2, 2, 1, 1, '0000-00-00 00:00:00', '0000-00-00 00:00:00'),
(168, 170, 2, 1, 2, 1, 2, 2, 2, 1, 2, 1, 1, 1, '0000-00-00 00:00:00', '0000-00-00 00:00:00'),
(169, 171, 1, 2, 2, 2, 2, 1, 1, 1, 2, 1, 2, 1, '0000-00-00 00:00:00', '0000-00-00 00:00:00'),
(170, 172, 1, 2, 1, 1, 2, 2, 2, 2, 1, 1, 1, 2, '0000-00-00 00:00:00', '0000-00-00 00:00:00'),
(171, 173, 2, 1, 1, 2, 1, 1, 2, 2, 1, 1, 2, 1, '0000-00-00 00:00:00', '0000-00-00 00:00:00'),
(172, 174, 2, 1, 2, 1, 2, 1, 2, 1, 1, 1, 2, 2, '0000-00-00 00:00:00', '0000-00-00 00:00:00'),
(173, 175, 1, 1, 1, 1, 1, 1, 2, 1, 2, 2, 1, 2, '0000-00-00 00:00:00', '0000-00-00 00:00:00'),
(174, 176, 2, 1, 2, 1, 1, 1, 2, 1, 1, 1, 2, 1, '0000-00-00 00:00:00', '0000-00-00 00:00:00'),
(175, 177, 2, 1, 1, 2, 1, 2, 1, 1, 1, 1, 1, 1, '0000-00-00 00:00:00', '0000-00-00 00:00:00'),
(176, 178, 1, 2, 1, 1, 1, 1, 2, 1, 2, 2, 2, 2, '0000-00-00 00:00:00', '0000-00-00 00:00:00'),
(177, 179, 1, 2, 1, 1, 1, 1, 2, 1, 1, 1, 2, 2, '0000-00-00 00:00:00', '0000-00-00 00:00:00'),
(178, 180, 2, 1, 1, 2, 1, 2, 2, 1, 1, 1, 1, 2, '0000-00-00 00:00:00', '0000-00-00 00:00:00'),
(179, 181, 2, 2, 1, 2, 1, 2, 1, 2, 1, 1, 2, 1, '0000-00-00 00:00:00', '0000-00-00 00:00:00'),
(180, 182, 1, 2, 1, 2, 2, 2, 1, 1, 2, 2, 2, 2, '0000-00-00 00:00:00', '0000-00-00 00:00:00'),
(181, 183, 1, 1, 1, 2, 2, 2, 1, 2, 2, 1, 2, 2, '0000-00-00 00:00:00', '0000-00-00 00:00:00'),
(182, 184, 1, 2, 2, 2, 1, 1, 2, 1, 2, 2, 1, 1, '0000-00-00 00:00:00', '0000-00-00 00:00:00'),
(183, 185, 2, 1, 2, 1, 2, 2, 2, 1, 2, 1, 2, 1, '0000-00-00 00:00:00', '0000-00-00 00:00:00'),
(184, 186, 2, 2, 1, 1, 1, 2, 1, 1, 1, 1, 1, 1, '0000-00-00 00:00:00', '0000-00-00 00:00:00'),
(185, 187, 1, 1, 1, 2, 2, 2, 1, 2, 1, 2, 2, 1, '0000-00-00 00:00:00', '0000-00-00 00:00:00'),
(186, 188, 2, 1, 1, 2, 1, 1, 1, 2, 2, 1, 2, 1, '0000-00-00 00:00:00', '0000-00-00 00:00:00'),
(187, 189, 1, 2, 2, 2, 2, 1, 1, 1, 2, 2, 1, 1, '0000-00-00 00:00:00', '0000-00-00 00:00:00'),
(188, 190, 2, 1, 1, 2, 2, 2, 1, 1, 1, 1, 2, 1, '0000-00-00 00:00:00', '0000-00-00 00:00:00'),
(189, 191, 1, 2, 1, 1, 2, 1, 2, 1, 1, 2, 2, 1, '0000-00-00 00:00:00', '0000-00-00 00:00:00'),
(190, 192, 1, 2, 2, 2, 2, 1, 2, 1, 2, 1, 2, 1, '0000-00-00 00:00:00', '0000-00-00 00:00:00'),
(191, 193, 1, 2, 1, 1, 2, 1, 1, 1, 2, 2, 2, 2, '0000-00-00 00:00:00', '0000-00-00 00:00:00'),
(192, 194, 1, 2, 2, 2, 2, 1, 2, 1, 2, 2, 2, 1, '0000-00-00 00:00:00', '0000-00-00 00:00:00'),
(193, 195, 2, 2, 1, 2, 1, 2, 1, 1, 1, 2, 1, 1, '0000-00-00 00:00:00', '0000-00-00 00:00:00'),
(194, 196, 1, 2, 2, 1, 2, 1, 2, 1, 1, 2, 1, 2, '0000-00-00 00:00:00', '0000-00-00 00:00:00'),
(195, 197, 2, 1, 2, 1, 1, 1, 2, 1, 1, 1, 1, 2, '0000-00-00 00:00:00', '0000-00-00 00:00:00'),
(196, 198, 2, 2, 1, 1, 1, 2, 2, 2, 1, 1, 2, 1, '0000-00-00 00:00:00', '0000-00-00 00:00:00'),
(197, 199, 2, 1, 2, 2, 2, 1, 2, 1, 1, 1, 2, 2, '0000-00-00 00:00:00', '0000-00-00 00:00:00'),
(198, 200, 2, 1, 2, 2, 1, 2, 1, 1, 2, 2, 2, 2, '0000-00-00 00:00:00', '0000-00-00 00:00:00'),
(199, 201, 2, 1, 2, 2, 2, 2, 1, 1, 2, 1, 1, 1, '0000-00-00 00:00:00', '0000-00-00 00:00:00'),
(200, 202, 1, 2, 2, 1, 2, 1, 1, 2, 2, 1, 1, 1, '0000-00-00 00:00:00', '0000-00-00 00:00:00');

-- --------------------------------------------------------

--
-- Table structure for table `client`
--

CREATE TABLE `client` (
  `id` int(11) NOT NULL,
  `area_id` int(11) DEFAULT NULL,
  `given_name` varchar(255) DEFAULT NULL,
  `family_name` varchar(255) DEFAULT NULL,
  `email` varchar(255) DEFAULT NULL,
  `phone` varchar(255) DEFAULT NULL,
  `updated_at` timestamp NULL DEFAULT current_timestamp(),
  `created_at` timestamp NULL DEFAULT current_timestamp()
) ENGINE=InnoDB DEFAULT CHARSET=utf8mb4;

--
-- Dumping data for table `client`
--

INSERT INTO `client` (`id`, `area_id`, `given_name`, `family_name`, `email`, `phone`, `updated_at`, `created_at`) VALUES
(1, 5, 'Alida', 'Mechem', 'amechem0@naver.com', '5849477969', '2022-09-13 07:35:21', '2022-09-13 07:35:21'),
(2, 3, 'Pansie', 'Layland', 'playland1@loc.gov', '8782146875', '2022-09-13 07:35:21', '2022-09-13 07:35:21'),
(3, 3, 'Tawsha', 'Akram', 'takram2@dailymotion.com', '9426407423', '2022-09-13 07:35:21', '2022-09-13 07:35:21'),
(4, 4, 'Davina', 'Chene', 'dchene3@uol.com.br', '8402734757', '2022-09-13 07:35:21', '2022-09-13 07:35:21'),
(5, 5, 'Pen', 'Kirgan', 'pkirgan4@bing.com', '2803065804', '2022-09-13 07:35:21', '2022-09-13 07:35:21'),
(6, 5, 'Malchy', 'Waldera', 'mwaldera5@geocities.com', '2536551910', '2022-09-13 07:35:21', '2022-09-13 07:35:21'),
(7, 2, 'Rafaelita', 'Wellan', 'rwellan6@freewebs.com', '8322762120', '2022-09-13 07:35:21', '2022-09-13 07:35:21'),
(8, 3, 'Adele', 'Mithun', 'amithun7@soup.io', '4858795397', '2022-09-13 07:35:21', '2022-09-13 07:35:21'),
(9, 4, 'Nahum', 'Neem', 'nneem8@macromedia.com', '7912633726', '2022-09-13 07:35:21', '2022-09-13 07:35:21'),
(10, 2, 'Rivkah', 'Ladbrooke', 'rladbrooke9@nymag.com', '4665117029', '2022-09-13 07:35:21', '2022-09-13 07:35:21'),
(11, 1, 'Hurlee', 'Fabry', 'hfabrya@privacy.gov.au', '1197477443', '2022-09-13 07:35:21', '2022-09-13 07:35:21'),
(12, 4, 'Evaleen', 'Payne', 'epayneb@dion.ne.jp', '4822732408', '2022-09-13 07:35:21', '2022-09-13 07:35:21'),
(13, 2, 'Wallis', 'Normabell', 'wnormabellc@macromedia.com', '5427044077', '2022-09-13 07:35:21', '2022-09-13 07:35:21'),
(14, 5, 'Aline', 'Huntingdon', 'ahuntingdond@mysql.com', '9752352826', '2022-09-13 07:35:21', '2022-09-13 07:35:21'),
(15, 4, 'Winne', 'Duffie', 'wduffiee@free.fr', '2893313348', '2022-09-13 07:35:21', '2022-09-13 07:35:21'),
(16, 2, 'Meris', 'Lipscombe', 'mlipscombef@biglobe.ne.jp', '2936323723', '2022-09-13 07:35:21', '2022-09-13 07:35:21'),
(17, 3, 'Erl', 'Mathelon', 'emathelong@yahoo.com', '5919064056', '2022-09-13 07:35:21', '2022-09-13 07:35:21'),
(18, 2, 'Austin', 'Evamy', 'aevamyh@toplist.cz', '3256372487', '2022-09-13 07:35:21', '2022-09-13 07:35:21'),
(19, 2, 'Hurlee', 'Purdie', 'hpurdiei@yelp.com', '4532025882', '2022-09-13 07:35:21', '2022-09-13 07:35:21'),
(20, 4, 'Costa', 'Covet', 'ccovetj@amazon.co.jp', '1707858156', '2022-09-13 07:35:21', '2022-09-13 07:35:21'),
(21, 2, 'Melonie', 'Ormesher', 'mormesherk@xinhuanet.com', '8108291258', '2022-09-13 07:35:21', '2022-09-13 07:35:21'),
(22, 2, 'Berrie', 'Harverson', 'bharversonl@telegraph.co.uk', '4111167770', '2022-09-13 07:35:21', '2022-09-13 07:35:21'),
(23, 3, 'Mick', 'Bartosek', 'mbartosekm@google.it', '3379963801', '2022-09-13 07:35:21', '2022-09-13 07:35:21'),
(24, 3, 'Francesca', 'Lambert', 'flambertn@angelfire.com', '1204282127', '2022-09-13 07:35:21', '2022-09-13 07:35:21'),
(25, 1, 'Rozalie', 'Ayre', 'rayreo@wikimedia.org', '3821134072', '2022-09-13 07:35:21', '2022-09-13 07:35:21'),
(26, 3, 'Rose', 'Lum', 'rlump@lulu.com', '8305878965', '2022-09-13 07:35:21', '2022-09-13 07:35:21'),
(27, 1, 'Robinson', 'Aleksahkin', 'raleksahkinq@chronoengine.com', '2041423846', '2022-09-13 07:35:21', '2022-09-13 07:35:21'),
(28, 5, 'Car', 'Brigham', 'cbrighamr@ucoz.com', '4381443404', '2022-09-13 07:35:21', '2022-09-13 07:35:21'),
(29, 1, 'Andromache', 'O\'Mailey', 'aomaileys@cam.ac.uk', '7813757010', '2022-09-13 07:35:21', '2022-09-13 07:35:21'),
(30, 5, 'Ulla', 'Defau', 'udefaut@hud.gov', '3369961518', '2022-09-13 07:35:21', '2022-09-13 07:35:21'),
(31, 2, 'Terza', 'Penvarne', 'tpenvarneu@psu.edu', '5761915994', '2022-09-13 07:35:21', '2022-09-13 07:35:21'),
(32, 5, 'Cherianne', 'Gentzsch', 'cgentzschv@baidu.com', '7974829516', '2022-09-13 07:35:21', '2022-09-13 07:35:21'),
(33, 5, 'Abbott', 'Newlove', 'anewlovew@google.es', '7413095660', '2022-09-13 07:35:21', '2022-09-13 07:35:21'),
(34, 2, 'Jacquelynn', 'McTrusty', 'jmctrustyx@elpais.com', '1985908289', '2022-09-13 07:35:21', '2022-09-13 07:35:21'),
(35, 5, 'Chrysler', 'McKerley', 'cmckerleyy@cbslocal.com', '4506531248', '2022-09-13 07:35:21', '2022-09-13 07:35:21'),
(36, 4, 'Udell', 'Dericut', 'udericutz@addtoany.com', '4236816125', '2022-09-13 07:35:21', '2022-09-13 07:35:21'),
(37, 5, 'Arman', 'Smallpiece', 'asmallpiece10@drupal.org', '5503409860', '2022-09-13 07:35:21', '2022-09-13 07:35:21'),
(38, 4, 'Norina', 'Deeks', 'ndeeks11@about.com', '2474974838', '2022-09-13 07:35:21', '2022-09-13 07:35:21'),
(39, 2, 'Jaclyn', 'Schneider', 'jschneider12@tinyurl.com', '5485730381', '2022-09-13 07:35:21', '2022-09-13 07:35:21'),
(40, 3, 'Pail', 'Lockless', 'plockless13@skyrock.com', '5697786731', '2022-09-13 07:35:21', '2022-09-13 07:35:21'),
(41, 4, 'Hetti', 'Bubbings', 'hbubbings14@usda.gov', '5652180838', '2022-09-13 07:35:21', '2022-09-13 07:35:21'),
(42, 1, 'Buddy', 'Freake', 'bfreake15@delicious.com', '6426225107', '2022-09-13 07:35:21', '2022-09-13 07:35:21'),
(43, 3, 'Sherlocke', 'Hollyman', 'shollyman16@nba.com', '7326063152', '2022-09-13 07:35:21', '2022-09-13 07:35:21'),
(44, 1, 'Fay', 'Noraway', 'fnoraway17@mit.edu', '9154492844', '2022-09-13 07:35:21', '2022-09-13 07:35:21'),
(45, 3, 'Kirstin', 'Grigson', 'kgrigson18@google.pl', '4005868679', '2022-09-13 07:35:21', '2022-09-13 07:35:21'),
(46, 2, 'Ivonne', 'Bassett', 'ibassett19@spiegel.de', '8922374808', '2022-09-13 07:35:21', '2022-09-13 07:35:21'),
(47, 4, 'Isidore', 'Poff', 'ipoff1a@europa.eu', '5491952151', '2022-09-13 07:35:21', '2022-09-13 07:35:21'),
(48, 4, 'Eduino', 'McIlwraith', 'emcilwraith1b@disqus.com', '8699905202', '2022-09-13 07:35:21', '2022-09-13 07:35:21'),
(49, 5, 'Rutger', 'Euston', 'reuston1c@cnn.com', '4518479861', '2022-09-13 07:35:21', '2022-09-13 07:35:21'),
(50, 1, 'Ferd', 'MacGauhy', 'fmacgauhy1d@bbb.org', '5024035973', '2022-09-13 07:35:21', '2022-09-13 07:35:21');

-- --------------------------------------------------------

--
-- Table structure for table `teams`
--

CREATE TABLE `teams` (
  `id` int(11) NOT NULL,
  `team_name` varchar(255) DEFAULT NULL,
  `volunteers` varchar(255) DEFAULT NULL,
  `updated_at` timestamp NULL DEFAULT current_timestamp(),
  `created_at` timestamp NULL DEFAULT current_timestamp()
) ENGINE=InnoDB DEFAULT CHARSET=utf8mb4;

--
-- Dumping data for table `teams`
--

INSERT INTO `teams` (`id`, `team_name`, `volunteers`, `updated_at`, `created_at`) VALUES
(1, 'Plambee', '11,29,33,44,55', '2022-09-05 09:38:32', '2022-09-05 09:38:32'),
(2, 'Tanoodle', '22,23,34,35,36,37', '2022-09-05 09:38:32', '2022-09-05 09:38:32'),
(3, 'Wikivu', '3,47,48,49,50,51', '2022-09-05 09:38:32', '2022-09-05 09:38:32'),
(4, 'Yabox', '4,61,62,63,64,65', '2022-09-05 09:38:32', '2022-09-05 09:38:32'),
(5, 'Babbleset', '5,71,72,73,74,75', '2022-09-05 09:38:32', '2022-09-05 09:38:32'),
(6, 'Bluejam', '6,81,82,83,84,85', '2022-09-05 09:38:32', '2022-09-05 09:38:32'),
(7, 'Innotype', '7,91,92,94,93,95', '2022-09-05 09:38:32', '2022-09-05 09:38:32'),
(8, 'Yoveo', '8,11,12,13,14,15', '2022-09-05 09:38:32', '2022-09-05 09:38:32'),
(9, 'Fiveclub', '9,31,32,34,33,35', '2022-09-05 09:38:32', '2022-09-05 09:38:32'),
(10, 'Twitterwire', '10,101,102,103,104,105', '2022-09-05 09:38:32', '2022-09-05 09:38:32'),
(11, 'Brainverse', '11,111,112,113,114,115', '2022-09-05 09:38:32', '2022-09-05 09:38:32'),
(12, 'Livepath', '12,121,122,123,124,125', '2022-09-05 09:38:32', '2022-09-05 09:38:32'),
(13, 'Realcube', '13,131,132,133,134,135', '2022-09-05 09:38:32', '2022-09-05 09:38:32'),
(14, 'Meemm', '14,141,142,143,144,145', '2022-09-05 09:38:32', '2022-09-05 09:38:32'),
(15, 'Zava', '15,151,152,153,154,155', '2022-09-05 09:38:32', '2022-09-05 09:38:32'),
(16, 'Dabshots', '16,161,162,163,164,165', '2022-09-05 09:38:32', '2022-09-05 09:38:32'),
(17, 'Fiveclub', '17,171,172,173,174,175', '2022-09-05 09:38:32', '2022-09-05 09:38:32'),
(18, 'Yakijo', '18,181,182,183,184,185', '2022-09-05 09:38:32', '2022-09-05 09:38:32'),
(19, 'Riffwire', '19,191,192,193,194,195', '2022-09-05 09:38:32', '2022-09-05 09:38:32'),
(20, 'Trupe', '20,105,105,106,107,108', '2022-09-05 09:38:32', '2022-09-05 09:38:32'),
(21, 'Team A', '55,57,60,62', '2022-09-29 12:10:34', '2022-09-29 12:10:34'),
(23, 'Team B', '14,15,19,22', '2022-09-29 12:40:39', '2022-09-29 12:40:39');

-- --------------------------------------------------------

--
-- Table structure for table `team_client`
--

CREATE TABLE `team_client` (
  `id` int(11) NOT NULL,
  `client_id` int(11) DEFAULT NULL,
  `team_id` int(11) NOT NULL,
  `volunteers` varchar(255) DEFAULT NULL,
  `start_date` date DEFAULT NULL,
  `end_date` date DEFAULT NULL,
  `updated_at` timestamp NOT NULL DEFAULT current_timestamp(),
  `created_at` timestamp NOT NULL DEFAULT current_timestamp()
) ENGINE=InnoDB DEFAULT CHARSET=utf8mb4;

--
-- Dumping data for table `team_client`
--

INSERT INTO `team_client` (`id`, `client_id`, `team_id`, `volunteers`, `start_date`, `end_date`, `updated_at`, `created_at`) VALUES
(1, 33, 5, '5,71,72,73,74,75', '2022-09-21', '2022-09-22', '2022-09-29 09:46:19', '2022-09-29 09:46:19'),
(2, 8, 6, '6,81,82,83,84,85', '2022-09-08', '2022-09-09', '2022-09-29 09:47:17', '2022-09-29 09:47:17'),
(3, 14, 11, '10,101,102,103,104,105', '2022-09-14', '2022-09-15', '2022-09-29 09:47:17', '2022-09-29 09:47:17'),
(4, 29, 9, '9,31,32,34,33,35', '2022-09-19', '2022-09-20', '2022-09-29 09:48:12', '2022-09-29 09:48:12'),
(5, 37, 7, '7,91,92,94,93,95', '2022-09-26', '2022-09-27', '2022-09-29 09:48:12', '2022-09-29 09:48:12'),
(6, 28, 13, '13,131,132,133,134,135', '2022-09-26', '2022-09-27', '2022-09-29 09:48:59', '2022-09-29 09:48:59'),
(7, 19, 3, '3,47,48,49,50,51', '2022-09-21', '2022-09-22', '2022-09-29 09:48:59', '2022-09-29 09:48:59'),
(8, 40, 21, '55,57,60,62', '2022-09-27', '2022-09-28', '2022-09-29 12:19:06', '2022-09-29 12:19:06'),
(9, 43, 23, '14,15,19,22', '2022-09-27', '2022-09-28', '2022-09-29 12:42:23', '2022-09-29 12:42:23');

-- --------------------------------------------------------

--
-- Table structure for table `volunteers`
--

CREATE TABLE `volunteers` (
  `id` int(11) NOT NULL,
  `salutation` varchar(255) DEFAULT NULL,
  `given_name` varchar(255) DEFAULT NULL,
  `family_name` varchar(255) DEFAULT NULL,
  `country_of_birth` varchar(255) DEFAULT NULL,
  `address` varchar(255) DEFAULT NULL,
  `suburb` varchar(255) DEFAULT NULL,
  `postcode` varchar(255) DEFAULT NULL,
  `home_phone` varchar(255) DEFAULT NULL,
  `mobile` varchar(255) DEFAULT NULL,
  `email` varchar(255) DEFAULT NULL,
  `emergency_contact_name` varchar(255) DEFAULT NULL,
  `emergency_phone` varchar(255) DEFAULT NULL,
  `is_disable` tinyint(11) DEFAULT NULL COMMENT '1-> yes, 2->no',
  `disable_details` varchar(255) DEFAULT NULL,
  `have_car` tinyint(11) DEFAULT NULL COMMENT '1-> yes, 2->no',
  `insurance_name` varchar(255) DEFAULT NULL,
  `is_prohibited` tinyint(11) DEFAULT NULL COMMENT '1-> yes, 2->no',
  `ready_for_police_chk` tinyint(11) DEFAULT NULL,
  `where_u_heard` text DEFAULT NULL,
  `have_volunteer_before` int(11) DEFAULT NULL COMMENT '1->yes, 2->no',
  `voluntered_where` text DEFAULT NULL,
  `volutered_date` date DEFAULT NULL,
  `permission_to_use_details` int(11) DEFAULT NULL COMMENT '1->yes, 2->no',
  `speak_any_other_lang` int(11) DEFAULT NULL COMMENT '1->yes, 2->no',
  `language` varchar(255) DEFAULT NULL,
  `sign` varchar(255) DEFAULT NULL,
  `sign_date` date DEFAULT NULL,
  `is_available_for_team` int(11) DEFAULT NULL COMMENT '1->yes,2->no',
  `is_available_for_work` int(11) DEFAULT NULL COMMENT '1->yes,2->no',
  `reason_for_volunterring` int(11) DEFAULT NULL COMMENT '1->help_the_community,2->meet_new_people,3->school_univ_prgm,4->work_exp,5->centre_link_req,6->community_service_order,7->learn_new_skills,8->volunteer_with_a_friend,9->other',
  `activities` int(11) DEFAULT NULL COMMENT '1->gardening,2->mulch_team,3->office,4->misclleaneous',
  `updated_at` timestamp NULL DEFAULT current_timestamp(),
  `created_at` timestamp NULL DEFAULT current_timestamp()
) ENGINE=InnoDB DEFAULT CHARSET=utf8mb4;

--
-- Dumping data for table `volunteers`
--

INSERT INTO `volunteers` (`id`, `salutation`, `given_name`, `family_name`, `country_of_birth`, `address`, `suburb`, `postcode`, `home_phone`, `mobile`, `email`, `emergency_contact_name`, `emergency_phone`, `is_disable`, `disable_details`, `have_car`, `insurance_name`, `is_prohibited`, `ready_for_police_chk`, `where_u_heard`, `have_volunteer_before`, `voluntered_where`, `volutered_date`, `permission_to_use_details`, `speak_any_other_lang`, `language`, `sign`, `sign_date`, `is_available_for_team`, `is_available_for_work`, `reason_for_volunterring`, `activities`, `updated_at`, `created_at`) VALUES
(3, 'Rev', 'Kalvin', 'Bisp', 'Portugal', '666 Manufacturers Crossing', 'São Pedro de Muel', '2430-482', '8544003573', '3333041743', 'abisp0@princeton.edu', 'Abigail', '2893262795', 1, 'Brome Grass', 2, 'Crooks, Blanda and Ankunding', 2, 2, 'Conn-Mann', 2, 'Yonggu', '2022-09-01', 1, 2, 'Ndebele', '9273690653', '2022-09-14', 1, 2, 1, 4, '2022-09-07 06:57:55', '2022-09-07 06:57:55'),
(4, 'Mr', 'Mommy', 'Brownstein', 'Russia', '8980 Bunker Hill Center', 'Valuyki', '309999', '2398001379', '5555683919', 'fbrownstein1@icio.us', 'Florence', '9375984306', 1, 'Beech', 2, 'Schultz LLC', 1, 1, 'Renner, Ondricka and Bayer', 1, 'Sanyang', '2022-09-01', 2, 1, 'Yiddish', '6856714645', '2022-09-14', 2, 1, 1, 4, '2022-09-07 06:57:55', '2022-09-07 06:57:55'),
(5, 'Ms', 'Rube', 'Danev', 'Sweden', '7520 Myrtle Street', 'Umeå', '901 02', '7953541177', '7235650013', 'rdanev2@elegantthemes.com', 'Reade', '1777664854', 2, 'Acetaminophen, Dextromethorphan Hydrobromide, Phenylephrine Hydrochloride', 1, 'Jast and Sons', 2, 1, 'Ebert Inc', 2, 'Dagar', '2022-09-01', 2, 2, 'Hungarian', '3428003896', '2022-09-14', 2, 1, 1, 4, '2022-09-07 06:57:55', '2022-09-07 06:57:55'),
(6, 'Honorable', 'Law', 'Barajaz', 'Sweden', '93394 David Point', 'Stockholm', '114 39', '5378721486', '2704223454', 'kbarajaz3@narod.ru', 'Kevon', '9277293492', 1, 'Greasewood', 1, 'Flatley Inc', 2, 1, 'Conroy, Kerluke and Moore', 2, 'Lushan', '2022-09-01', 2, 1, 'Armenian', '2140115295', '2022-09-14', 1, 1, 1, 4, '2022-09-07 06:57:55', '2022-09-07 06:57:55'),
(7, 'Dr', 'Modesta', 'Geistbeck', 'Slovenia', '04205 Harbort Court', 'Železniki', '4228', '2739481212', '3058125205', 'dgeistbeck4@ifeng.com', 'Devin', '3779212318', 1, 'Hydroquinone', 1, 'Pfannerstill LLC', 1, 1, 'Stark-Klein', 1, 'Al Bīrah', '2022-09-01', 1, 1, 'Marathi', '3212047976', '2022-09-14', 1, 1, 1, 4, '2022-09-07 06:57:55', '2022-09-07 06:57:55'),
(8, 'Mr', 'Kristofor', 'Bonick', 'Iran', '270 Sachtjen Pass', 'Shahrak-e Bākharz', NULL, '9305681169', '1914028937', 'vbonick5@springer.com', 'Vania', '7481242210', 1, 'Glycerin', 1, 'Beer, Hettinger and Nienow', 2, 1, 'Stokes and Sons', 1, 'Cornillon', '2022-09-01', 2, 1, 'Thai', '7496354368', '2022-09-14', 1, 2, 1, 4, '2022-09-07 06:57:55', '2022-09-07 06:57:55'),
(9, 'Dr', 'Ludovika', 'Coger', 'Bolivia', '85 Forest Circle', 'Trinidad', NULL, '1465352601', '1248362716', 'dcoger6@independent.co.uk', 'Daveta', '2086918823', 1, 'Mitomycin', 1, 'Dicki-Abernathy', 2, 1, 'Graham, Cassin and Kiehn', 2, 'Tuanshansi', '2022-09-01', 2, 2, 'Dhivehi', '6854767725', '2022-09-14', 1, 2, 1, 4, '2022-09-07 06:57:55', '2022-09-07 06:57:55'),
(10, 'Rev', 'Pattie', 'Ketteridge', 'United States', '89692 Westport Avenue', 'Dallas', '75216', '9727741661', '5402940685', 'cketteridge7@amazonaws.com', 'Cliff', '4235356258', 2, 'Adenosinum cyclophosphoricum, Adrenalinum, Adrenocorticotrophin, Alfalfa, Allium cepa, Ambrosia artemisiaefolia, Cortisone aceticum, Erechtites hieracifolia, Erigeron canadensis, Euonymus atropurpureus, Euphrasia officinalis, Galphimia glauca, Histaminum ', 1, 'Corkery-Homenick', 1, 2, 'Abshire, Runolfsdottir and Lueilwitz', 1, 'Timpas', '2022-09-01', 1, 1, 'Marathi', '7309924207', '2022-09-14', 2, 1, 1, 4, '2022-09-07 06:57:55', '2022-09-07 06:57:55'),
(11, 'Rev', 'Karylin', 'Tummons', 'Russia', '23515 Dapin Crossing', 'Budenovetc', '307374', '3245583938', '3609370710', 'rtummons8@fastcompany.com', 'Rosette', '1923400565', 2, 'Aluminum Hydroxide, Magnesium Hydroxide, and Simethicone', 1, 'Mosciski Group', 2, 2, 'Nikolaus-Runolfsson', 1, 'Angered', '2022-09-01', 2, 1, 'Spanish', '2670787665', '2022-09-14', 1, 1, 1, 4, '2022-09-07 06:57:55', '2022-09-07 06:57:55'),
(12, 'Rev', 'Kellby', 'Baudasso', 'Poland', '827 Schurz Crossing', 'Kraczkowa', '37-124', '7013504897', '2364747324', 'tbaudasso9@admin.ch', 'Tann', '9775198938', 2, 'ALCOHOL', 2, 'Bernier Inc', 1, 2, 'Schoen Inc', 1, 'Dusit', '2022-09-01', 2, 2, 'Irish Gaelic', '4041045495', '2022-09-14', 1, 1, 1, 4, '2022-09-07 06:57:55', '2022-09-07 06:57:55'),
(13, 'Dr', 'Felicdad', 'Hamberston', 'Finland', '908 Gale Hill', 'Liljendal', '07880', '1442945289', '9595714101', 'jhamberstona@csmonitor.com', 'Jessamine', '3749560447', 1, 'nadolol', 1, 'Casper, Johns and Jones', 1, 2, 'MacGyver-Quitzon', 2, 'Rennes', '2022-09-01', 2, 2, 'Aymara', '6316126700', '2022-09-14', 2, 2, 1, 4, '2022-09-07 06:57:55', '2022-09-07 06:57:55'),
(14, 'Mrs', 'Rora', 'Darragh', 'Indonesia', '0 Oak Circle', 'Pulorejo', NULL, '4773822778', '9057321193', 'gdarraghb@hp.com', 'Gale', '6323650222', 1, 'SODIUM SULFACETAMIDE, SULFUR', 1, 'Hermann, Hettinger and Wolff', 1, 1, 'Baumbach Group', 2, 'Bakuriani', '2022-09-01', 1, 1, 'Malay', '6450947799', '2022-09-14', 1, 2, 1, 4, '2022-09-07 06:57:55', '2022-09-07 06:57:55'),
(15, 'Mr', 'Dianemarie', 'Pentycost', 'China', '6 Eagan Terrace', 'Hengshi', NULL, '1901976456', '4322196133', 'tpentycostc@livejournal.com', 'Thaddeus', '7633562229', 2, 'dimethicone', 1, 'Vandervort-Nader', 1, 2, 'White-Gerlach', 2, 'Belo sur Tsiribihina', '2022-09-01', 2, 1, 'Hindi', '3595791592', '2022-09-14', 1, 1, 1, 4, '2022-09-07 06:57:55', '2022-09-07 06:57:55'),
(16, 'Mr', 'Cherrita', 'Crut', 'Argentina', '61824 Melby Trail', 'Las Breñas', '3722', '3974529116', '9214656386', 'jcrutd@youtube.com', 'Jillane', '6218975823', 1, 'Minocycline Hydrochloride', 1, 'McClure Group', 1, 2, 'Kassulke, Satterfield and Grimes', 1, 'Tashkent', '2022-09-01', 2, 1, 'Hindi', '5080303298', '2022-09-14', 2, 1, 1, 4, '2022-09-07 06:57:55', '2022-09-07 06:57:55'),
(17, 'Mrs', 'Eunice', 'Row', 'France', '031 Vahlen Drive', 'Saint-Germain-en-Laye', '78105 CEDEX', '3475836976', '5515307916', 'jrowe@elegantthemes.com', 'Janella', '2112783140', 1, 'baclofen', 2, 'Gleichner-Bernhard', 2, 2, 'Feil, Hermann and Wolf', 1, 'Wangkung', '2022-09-01', 2, 1, 'Marathi', '6638110799', '2022-09-14', 1, 1, 1, 4, '2022-09-07 06:57:55', '2022-09-07 06:57:55'),
(18, 'Mrs', 'Aviva', 'Billsberry', 'Sweden', '6 West Crossing', 'Södertälje', '151 44', '5732131925', '1283037689', 'lbillsberryf@guardian.co.uk', 'Lorette', '4212877050', 2, 'Etoposide', 2, 'Bode LLC', 2, 2, 'Beahan, Swaniawski and Ankunding', 2, 'Krasnosilka', '2022-09-01', 2, 2, 'Japanese', '4900382507', '2022-09-14', 2, 2, 1, 4, '2022-09-07 06:57:55', '2022-09-07 06:57:55'),
(19, 'Dr', 'Celene', 'Gosswell', 'China', '9 Dexter Lane', 'Zuogaimanma', NULL, '8539235104', '2148387244', 'dgosswellg@businessinsider.com', 'Dulcie', '6309540479', 1, 'Acetaminophen', 1, 'Lemke, Krajcik and Durgan', 2, 2, 'Schroeder-Brakus', 1, 'Solna', '2022-09-01', 2, 1, 'Hungarian', '6826951568', '2022-09-14', 2, 1, 1, 4, '2022-09-07 06:57:55', '2022-09-07 06:57:55'),
(20, 'Mr', 'Bessie', 'Willcot', 'Ecuador', '7 Anzinger Junction', 'Catamayo', NULL, '9199556829', '1593782519', 'pwillcoth@samsung.com', 'Patrica', '4644746282', 2, 'Fludarabine Phosphate', 2, 'Hoppe, Mitchell and Jast', 1, 2, 'Christiansen, Bruen and Kris', 2, 'Haduohe', '2022-09-01', 1, 2, 'Swati', '9910025108', '2022-09-14', 1, 1, 2, 4, '2022-09-07 06:57:55', '2022-09-07 06:57:55'),
(21, 'Dr', 'Geordie', 'Wheeldon', 'Netherlands', '9 Wayridge Circle', 'Amsterdam Binnenstad en Oostelijk Havengebied', '1019', '7572446896', '5858130902', 'swheeldoni@ihg.com', 'Sumner', '7539173092', 2, 'entecavir', 1, 'Stamm-Barton', 1, 1, 'Hoeger, Koelpin and Cormier', 1, 'Kuleqi', '2022-09-01', 2, 1, 'Swati', '9643888967', '2022-09-14', 2, 1, 2, 4, '2022-09-07 06:57:55', '2022-09-07 06:57:55'),
(22, 'Dr', 'Averill', 'Verrall', 'Colombia', '73772 Mesta Junction', 'Andalucía', '763008', '9894255005', '9964699742', 'lverrallj@spotify.com', 'Lari', '1215060466', 1, 'Amoxicillin', 2, 'Considine, Koss and Ankunding', 2, 1, 'Tillman Inc', 1, 'Banjar Buahan', '2022-09-01', 1, 2, 'Yiddish', '1277835152', '2022-09-14', 2, 2, 2, 4, '2022-09-07 06:57:55', '2022-09-07 06:57:55'),
(23, 'Dr', 'Annmaria', 'Melross', 'Sweden', '05546 Fairview Pass', 'Hallsberg', '694 24', '2377135330', '8996785780', 'kmelrossk@dyndns.org', 'Kore', '7345677043', 1, 'ESZOPICLONE', 1, 'Kutch-Ratke', 1, 1, 'Dach, Abbott and Schaefer', 2, 'Spitsevka', '2022-09-01', 1, 2, 'Korean', '0999312316', '2022-09-14', 2, 2, 2, 4, '2022-09-07 06:57:55', '2022-09-07 06:57:55'),
(24, 'Honorable', 'Broderic', 'Siflet', 'Philippines', '313 Utah Court', 'Candoni', '6110', '9252830625', '2596063344', 'jsifletl@google.it', 'Jania', '9966342645', 2, 'Penicillin V Potassium', 2, 'Kuhic, Schmitt and Rodriguez', 1, 1, 'Wunsch-Ortiz', 2, 'Saint-Étienne', '2022-09-01', 1, 2, 'Kashmiri', '1281505471', '2022-09-14', 1, 2, 2, 4, '2022-09-07 06:57:55', '2022-09-07 06:57:55'),
(25, 'Rev', 'Izzy', 'Marson', 'Russia', '66067 Menomonie Point', 'Pechora', '169660', '8867209369', '9595362272', 'amarsonm@google.cn', 'Abbe', '4191673410', 2, 'Triclosan', 2, 'Kuhlman, Yost and Beahan', 2, 2, 'Koepp, Sipes and Runolfsdottir', 2, 'Guan’e', '2022-09-01', 2, 1, 'Portuguese', '5434225597', '2022-09-14', 1, 1, 2, 4, '2022-09-07 06:57:55', '2022-09-07 06:57:55'),
(26, 'Mr', 'Archy', 'Thormwell', 'China', '1 Oneill Street', 'Gaoqiaolou', NULL, '8066477403', '6678372226', 'lthormwelln@oracle.com', 'Lea', '2354560375', 1, 'ONION - ANTHOXANTHUM ODORATUM - SCHOENOCAULON OFFICINALE SEED', 1, 'Prosacco, Rutherford and Dietrich', 2, 1, 'Langworth, Steuber and Crooks', 2, 'Churubamba', '2022-09-01', 1, 2, 'Finnish', '1394195907', '2022-09-14', 1, 1, 2, 4, '2022-09-07 06:57:55', '2022-09-07 06:57:55'),
(27, 'Rev', 'Ragnar', 'Giddens', 'China', '1294 Summit Road', 'Subrag', NULL, '2372137698', '8712874967', 'ggiddenso@narod.ru', 'Geraldine', '4074109039', 2, 'Acetaminophen, Chlorpheniramine maleate, Phenylephrine HCl', 1, 'Stehr, Dach and Hauck', 1, 1, 'Wehner Inc', 1, 'Крушопек', '2022-09-01', 2, 2, 'Kannada', '3266518349', '2022-09-14', 1, 1, 2, 4, '2022-09-07 06:57:55', '2022-09-07 06:57:55'),
(28, 'Ms', 'Neel', 'Harme', 'Philippines', '827 Summer Ridge Street', 'Siay', '7006', '2309184725', '2816239210', 'sharmep@newyorker.com', 'Sutton', '7156317310', 2, 'Nystatin', 1, 'Littel and Sons', 1, 1, 'Veum-Thiel', 1, 'Inawashiro', '2022-09-01', 2, 2, 'Zulu', '4084990612', '2022-09-14', 1, 2, 2, 4, '2022-09-07 06:57:55', '2022-09-07 06:57:55'),
(29, 'Rev', 'Franky', 'Lumsden', 'Yemen', '48 Village Place', 'Dhahi', NULL, '1716975484', '6282577149', 'rlumsdenq@soup.io', 'Ronny', '3555519577', 1, 'ALPRAZOLAM', 1, 'Jerde-Grimes', 1, 1, 'Goldner and Sons', 2, 'Jinshan', '2022-09-01', 1, 1, 'New Zealand Sign Language', '5520193193', '2022-09-14', 1, 1, 2, 4, '2022-09-07 06:57:55', '2022-09-07 06:57:55'),
(30, 'Honorable', 'Niels', 'Levington', 'Indonesia', '58161 Artisan Crossing', 'Parabon', NULL, '3688293727', '2456517245', 'mlevingtonr@is.gd', 'Mallory', '2622187319', 1, 'Hydrocortisone', 1, 'Sanford Inc', 1, 1, 'Larkin-Dooley', 1, 'Fengjiang', '2022-09-01', 2, 2, 'Swahili', '7139893322', '2022-09-14', 1, 2, 2, 4, '2022-09-07 06:57:55', '2022-09-07 06:57:55'),
(31, 'Rev', 'Gareth', 'Slayny', 'Cuba', '0513 Cardinal Street', 'Santa Clara', NULL, '2811655852', '4164726224', 'bslaynys@state.tx.us', 'Brandon', '5235853131', 1, 'CLOTRIMAZOLE', 1, 'Hoppe-Funk', 1, 2, 'Stanton Group', 2, 'Junik', '2022-09-01', 1, 2, 'Tetum', '3096375836', '2022-09-14', 2, 1, 2, 4, '2022-09-07 06:57:55', '2022-09-07 06:57:55'),
(32, 'Dr', 'Renaldo', 'Domican', 'China', '4 Meadow Vale Circle', 'Liangting', NULL, '7586317188', '8374470824', 'ddomicant@tiny.cc', 'Dyanne', '5928755103', 2, 'Montelukast Sodium', 1, 'Larkin-Fay', 1, 1, 'Spencer-Grady', 1, 'San Felipe', '2022-09-01', 1, 1, 'Punjabi', '3836010615', '2022-09-14', 1, 1, 2, 4, '2022-09-07 06:57:55', '2022-09-07 06:57:55'),
(33, 'Mr', 'Marco', 'Adan', 'China', '383 Jenifer Trail', 'Zuitou', NULL, '6895837509', '4737303417', 'nadanu@wired.com', 'Nell', '7455106164', 1, 'Acetaminophen', 1, 'Renner, Kovacek and Barton', 2, 1, 'VonRueden LLC', 1, 'Wailiang', '2022-09-01', 2, 1, 'New Zealand Sign Language', '3213852449', '2022-09-14', 1, 2, 2, 4, '2022-09-07 06:57:55', '2022-09-07 06:57:55'),
(34, 'Mrs', 'Dukey', 'Flory', 'China', '43255 Homewood Lane', 'Sanxi', NULL, '9288866544', '4343523609', 'gfloryv@washington.edu', 'Gabriel', '1475687937', 2, 'Hydrocodone Bitartrate and Ibuprofen', 1, 'Waters and Sons', 1, 1, 'Abbott, Effertz and Rosenbaum', 2, 'Omišalj', '2022-09-01', 1, 2, 'Bosnian', '9383891874', '2022-09-14', 2, 2, 2, 4, '2022-09-07 06:57:55', '2022-09-07 06:57:55'),
(35, 'Ms', 'Thatcher', 'Frankel', 'Poland', '4935 Northland Junction', 'Subkowy', '83-120', '5602251078', '8132142059', 'pfrankelw@loc.gov', 'Philippa', '7151219797', 2, 'Eucalyptol', 1, 'Stokes, O\'Connell and Kessler', 1, 2, 'Corwin-Kihn', 2, 'Boé', '2022-09-01', 2, 2, 'Telugu', '6359923815', '2022-09-14', 2, 2, 2, 4, '2022-09-07 06:57:55', '2022-09-07 06:57:55'),
(36, 'Rev', 'Cart', 'Stiegers', 'Venezuela', '4 Mallard Lane', 'Baruta', NULL, '6128222574', '9032058363', 'dstiegersx@cdc.gov', 'Deena', '6462089722', 1, 'Octinoxate and Titanium dioxide', 2, 'Casper-McCullough', 1, 2, 'Jacobi-Senger', 2, 'Dek’emhāre', '2022-09-01', 1, 1, 'Japanese', '5836875855', '2022-09-14', 1, 2, 2, 4, '2022-09-07 06:57:55', '2022-09-07 06:57:55'),
(37, 'Mrs', 'Liuka', 'Franzetti', 'Syria', '2 Oak Valley Avenue', 'Armanāz', NULL, '1329216634', '7844014037', 'bfranzettiy@berkeley.edu', 'Benton', '6828090791', 2, 'ASPIRIN', 1, 'Hyatt-Abbott', 2, 1, 'Reichel-Deckow', 2, 'Porlamar', '2022-09-01', 2, 2, 'Swedish', '8228067291', '2022-09-14', 2, 1, 2, 4, '2022-09-07 06:57:55', '2022-09-07 06:57:55'),
(38, 'Mr', 'Lyndsie', 'Kiellor', 'Philippines', '89211 Hoepker Lane', 'Libas', '3103', '7317928536', '3345615441', 'skiellorz@census.gov', 'Shay', '2447791875', 1, 'Sulfamethoxazole and Trimethoprim', 1, 'Senger Inc', 1, 2, 'Legros, Larkin and Runte', 2, 'Mirador', '2022-09-01', 2, 1, 'Kurdish', '4900075906', '2022-09-14', 2, 2, 2, 4, '2022-09-07 06:57:55', '2022-09-07 06:57:55'),
(39, 'Mrs', 'Sybille', 'Ferreres', 'Sweden', '320 Anderson Street', 'Stockholm', '141 99', '7528229660', '8904769769', 'jferreres10@purevolume.com', 'Johann', '9537797932', 1, 'Acetaminophen', 1, 'Stamm, Kuvalis and Kertzmann', 1, 2, 'Kiehn Inc', 1, 'Mingshan', '2022-09-01', 2, 1, 'Hiri Motu', '9374464780', '2022-09-14', 1, 2, 2, 4, '2022-09-07 06:57:55', '2022-09-07 06:57:55'),
(40, 'Honorable', 'Lorrie', 'Karpov', 'China', '6275 Ruskin Road', 'Tacheng', NULL, '6637772970', '9401360035', 'tkarpov11@deliciousdays.com', 'Tomas', '2706083302', 2, 'Nicotine', 2, 'Johns-Boyle', 1, 2, 'Dickinson, Ratke and Cronin', 1, 'Adil Makmur', '2022-09-01', 1, 1, 'Luxembourgish', '7290165624', '2022-09-14', 1, 1, 2, 4, '2022-09-07 06:57:55', '2022-09-07 06:57:55'),
(41, 'Honorable', 'Rhianna', 'Prayer', 'Brazil', '0 Jenna Park', 'Sacramento', '38190-000', '5483469745', '1825945831', 'tprayer12@opensource.org', 'Tillie', '7923623487', 2, 'Benzalkonium Chloride', 2, 'Schmidt-Koch', 2, 1, 'Paucek Group', 2, 'Tuntum', '2022-09-01', 2, 2, 'Dari', '1458162761', '2022-09-14', 2, 2, 3, 4, '2022-09-07 06:57:55', '2022-09-07 06:57:55'),
(42, 'Honorable', 'Loretta', 'Yakolev', 'Russia', '06 Grover Terrace', 'Kuanda', '674170', '6628402522', '2556247285', 'syakolev13@etsy.com', 'Sam', '2557832743', 2, 'Feather Mix', 1, 'Mills Inc', 1, 1, 'Casper Inc', 2, 'Makungu', '2022-09-01', 1, 2, 'Luxembourgish', '4097799150', '2022-09-14', 2, 2, 3, 4, '2022-09-07 06:57:55', '2022-09-07 06:57:55'),
(43, 'Mr', 'Geraldine', 'Pasmore', 'Czech Republic', '4255 Waxwing Road', 'Zvole', '789 01', '9795619274', '1831867730', 'mpasmore14@soup.io', 'Marline', '5346246309', 2, 'alogliptin and pioglitazone', 1, 'Schmidt, Gleason and Adams', 1, 2, 'Willms LLC', 1, 'Oksa', '2022-09-01', 1, 1, 'English', '2635052816', '2022-09-14', 1, 2, 3, 4, '2022-09-07 06:57:55', '2022-09-07 06:57:55'),
(44, 'Honorable', 'Leslie', 'Brompton', 'China', '3 Holy Cross Plaza', 'Zhangfang', NULL, '8646018846', '1296882191', 'lbrompton15@gmpg.org', 'Laural', '5973704786', 1, 'Anatherum muricatum, Alumina, Apis mellifica, Arsenicum album, Butyricum acidum, Hydrocotyle asiatica, Mezereum, Petroleum, Petroleum, rhus toxicodendron, Sepia, Silicea and Sulphur', 1, 'Keeling, Anderson and Stark', 1, 1, 'Spencer Group', 2, 'Abejorral', '2022-09-01', 2, 1, 'Swahili', '3365135359', '2022-09-14', 2, 2, 3, 4, '2022-09-07 06:57:55', '2022-09-07 06:57:55'),
(45, 'Mrs', 'Merrile', 'Albasini', 'Guatemala', '9837 Gerald Court', 'Chisec', '18006', '8452827263', '6331044067', 'lalbasini16@pbs.org', 'Ludvig', '9151595102', 2, 'Tramadol Hydrochloride', 2, 'Lebsack-Lynch', 2, 1, 'D\'Amore and Sons', 2, 'Betim', '2022-09-01', 2, 1, 'Northern Sotho', '7284554479', '2022-09-14', 2, 2, 3, 4, '2022-09-07 06:57:55', '2022-09-07 06:57:55'),
(46, 'Mrs', 'Denny', 'Creenan', 'Portugal', '671 Clyde Gallagher Street', 'Quebradas', '2065-114', '2043839838', '3023574036', 'jcreenan17@studiopress.com', 'Jessa', '8906411983', 2, 'CEFTRIAXONE', 2, 'Reynolds-Schuppe', 2, 1, 'Gorczany LLC', 1, 'Dīla', '2022-09-01', 2, 1, 'Māori', '0652918492', '2022-09-14', 2, 2, 3, 4, '2022-09-07 06:57:55', '2022-09-07 06:57:55'),
(47, 'Rev', 'Mel', 'Lascell', 'China', '8 Mitchell Place', 'Xingang', NULL, '9704030757', '6109013038', 'blascell18@soundcloud.com', 'Bennie', '7053526209', 1, 'Nifedipine', 1, 'Armstrong-Conn', 2, 2, 'Becker, Kuhic and Prosacco', 2, 'Fangli', '2022-09-01', 2, 1, 'Telugu', '4576293095', '2022-09-14', 2, 2, 3, 4, '2022-09-07 06:57:55', '2022-09-07 06:57:55'),
(48, 'Rev', 'Genna', 'McKiddin', 'France', '7 Kinsman Park', 'Fréjus', '83613 CEDEX', '5535341223', '5777656744', 'pmckiddin19@paypal.com', 'Phebe', '5939814616', 1, 'Arsenic Trioxide, Baptisia Tinctoria Root, Cadmium Sulfide, Calcium Fluoride, Lytta Vesicatoria, Human Breast Tumor Cell, Cinchona Officinalis Bark, Cobalt, Conium Maculatum Flowering Top, Hydrofluoric Acid, Goldenseal, Iodine, Ipecac, Wood Creosote, Phos', 2, 'Nicolas Group', 2, 1, 'Raynor, Friesen and Rath', 2, 'Pajeksan', '2022-09-01', 2, 1, 'Malayalam', '3024293043', '2022-09-14', 2, 1, 3, 4, '2022-09-07 06:57:55', '2022-09-07 06:57:55'),
(49, 'Dr', 'Jonis', 'Sevior', 'China', '2 Gateway Trail', 'Gongping', NULL, '6984071524', '1579489348', 'csevior1a@youtube.com', 'Charmion', '5983239451', 1, 'Triclosan', 2, 'Hilpert Group', 2, 1, 'Beer Group', 1, 'Serowe', '2022-09-01', 1, 2, 'Sotho', '3770573943', '2022-09-14', 2, 2, 3, 4, '2022-09-07 06:57:55', '2022-09-07 06:57:55'),
(50, 'Honorable', 'Ettie', 'Fried', 'Brazil', '51 Buhler Pass', 'Itajubá', '37500-000', '1231873951', '6039397942', 'afried1b@mac.com', 'Angelica', '8575858200', 1, 'Sucralfate', 1, 'Anderson and Sons', 1, 2, 'Ryan Inc', 2, 'Libertad', '2022-09-01', 1, 2, 'Croatian', '7142334304', '2022-09-14', 1, 1, 3, 4, '2022-09-07 06:57:55', '2022-09-07 06:57:55'),
(51, 'Dr', 'Ewart', 'Saywell', 'Russia', '5915 Lyons Way', 'Pitkyaranta', '186810', '8756363248', '5469416318', 'esaywell1c@cisco.com', 'Ermanno', '4001029955', 2, 'Naproxen', 1, 'Osinski-Harvey', 1, 2, 'Dickinson and Sons', 1, 'Qal‘eh-ye Khvājeh', '2022-09-01', 1, 1, 'Zulu', '7286868330', '2022-09-14', 2, 1, 3, 3, '2022-09-07 06:57:55', '2022-09-07 06:57:55'),
(52, 'Rev', 'Caz', 'Crayke', 'Russia', '46 Esch Point', 'Dalakovo', '386122', '1801994353', '1077434950', 'ucrayke1d@theatlantic.com', 'Ulrick', '5809377432', 2, 'Fluoxetine', 1, 'Shields-Shanahan', 2, 1, 'Becker, Bogan and Haley', 2, 'Doubrava', '2022-09-01', 2, 1, 'Kyrgyz', '7802524989', '2022-09-14', 1, 2, 3, 3, '2022-09-07 06:57:55', '2022-09-07 06:57:55'),
(53, 'Mr', 'Celina', 'Attenbrough', 'China', '43383 Namekagon Junction', 'Huajie', NULL, '6636262786', '8517736367', 'hattenbrough1e@weather.com', 'Hercules', '1084531412', 1, 'phenylephrine hcl, brompheniramine maleate', 2, 'Krajcik Group', 1, 1, 'Dach-Wintheiser', 1, 'Nagrumbuan', '2022-09-01', 1, 2, 'Czech', '6784842995', '2022-09-14', 1, 1, 3, 3, '2022-09-07 06:57:55', '2022-09-07 06:57:55'),
(54, 'Rev', 'Herve', 'Blacksland', 'China', '06 Schlimgen Point', 'Gaotieling', NULL, '9133084819', '5833285233', 'fblacksland1f@booking.com', 'Ferdie', '2575032938', 2, 'Nigrospora', 2, 'Schulist, Krajcik and Lueilwitz', 2, 1, 'Harber, Flatley and Larkin', 1, 'Davao', '2022-09-01', 1, 2, 'Fijian', '8955590695', '2022-09-14', 2, 1, 3, 3, '2022-09-07 06:57:55', '2022-09-07 06:57:55'),
(55, 'Mrs', 'Mariette', 'Matkin', 'Finland', '214 Porter Road', 'Ylöjärvi', '33480', '7686882186', '3994168651', 'smatkin1g@artisteer.com', 'Shae', '6645799815', 1, 'Zinc Oxide', 2, 'Lockman-Rolfson', 2, 2, 'King-Dickens', 2, 'Vysotskoye', '2022-09-01', 1, 1, 'Maltese', '7763846585', '2022-09-14', 1, 2, 3, 3, '2022-09-07 06:57:55', '2022-09-07 06:57:55'),
(56, 'Mr', 'Tynan', 'Pilger', 'Czech Republic', '1 Mockingbird Hill', 'Rýmařov', '795 01', '9732755603', '4528175294', 'jpilger1h@tiny.cc', 'Jon', '7783873541', 1, 'HYDROCODONE BITARTRATE, ACETAMINOPHEN', 1, 'Bruen-Strosin', 2, 2, 'Rowe, Legros and Kuhic', 2, 'Sufang', '2022-09-01', 2, 2, 'Amharic', '0560433700', '2022-09-14', 2, 2, 3, 3, '2022-09-07 06:57:55', '2022-09-07 06:57:55'),
(57, 'Mrs', 'Trace', 'Michal', 'China', '260 Coleman Road', 'Lingyang', NULL, '1526186697', '9585685174', 'emichal1i@issuu.com', 'Essa', '4757074121', 2, 'venlafaxine hydrochloride', 1, 'Thompson LLC', 1, 2, 'Green-Gerhold', 2, 'Balauring', '2022-09-01', 2, 2, 'Haitian Creole', '2669444318', '2022-09-14', 1, 2, 3, 3, '2022-09-07 06:57:55', '2022-09-07 06:57:55'),
(58, 'Mr', 'Bink', 'Enrico', 'Greece', '88679 Hoard Place', 'Lávara', NULL, '2684670223', '2054945363', 'menrico1j@1688.com', 'Meredeth', '3358150851', 1, 'Polyethylene glycol 3350, Sodium chloride, Potassium chloride, Sodium bicarbonate, and Sodium sulfate', 2, 'Kovacek Group', 1, 1, 'Schuppe LLC', 2, 'Birmingham', '2022-09-01', 1, 1, 'Kazakh', '1016770200', '2022-09-14', 2, 1, 3, 3, '2022-09-07 06:57:55', '2022-09-07 06:57:55'),
(59, 'Mr', 'Deb', 'Dirr', 'China', '817 Fallview Trail', 'Xiushan', NULL, '1479922092', '3675838382', 'adirr1k@ehow.com', 'Arda', '4749926572', 1, 'Zinc Oxide', 1, 'Spinka, Cummings and Johnson', 2, 1, 'Effertz-Graham', 1, 'Huanglong', '2022-09-01', 2, 2, 'Maltese', '7796996551', '2022-09-14', 1, 2, 3, 3, '2022-09-07 06:57:55', '2022-09-07 06:57:55'),
(60, 'Honorable', 'Lorna', 'Tutsell', 'Nigeria', '418 Walton Hill', 'Ifo', NULL, '2559684800', '7999798790', 'ttutsell1l@guardian.co.uk', 'Trenna', '8458310662', 2, 'temazepam', 1, 'Swift Group', 2, 2, 'Auer-Feest', 1, 'Saint-Rémi', '2022-09-01', 2, 2, 'Tajik', '9430554786', '2022-09-14', 1, 1, 4, 3, '2022-09-07 06:57:55', '2022-09-07 06:57:55'),
(61, 'Mrs', 'Emeline', 'Kenington', 'Philippines', '276 Jenifer Road', 'Wañgan', '2442', '2221641700', '7778818018', 'bkenington1m@wix.com', 'Berne', '3628702469', 2, 'HYDROQUINONE', 2, 'Herzog-Labadie', 1, 1, 'Sporer Inc', 2, 'Bangad', '2022-09-01', 2, 1, 'Dutch', '9612638446', '2022-09-14', 2, 2, 4, 3, '2022-09-07 06:57:55', '2022-09-07 06:57:55'),
(62, 'Rev', 'Bobbi', 'Songer', 'China', '74019 Pleasure Road', 'Erniusuokou', NULL, '6137484716', '8111750781', 'fsonger1n@pen.io', 'Flora', '9196065788', 2, 'Chlorpheniramine Maleate and Dextromethorphan Hydrobromide', 1, 'Friesen-Bartoletti', 1, 2, 'Schaden, Kulas and Lang', 2, 'Bingerville', '2022-09-01', 2, 2, 'Lao', '6313155009', '2022-09-14', 1, 1, 4, 3, '2022-09-07 06:57:55', '2022-09-07 06:57:55'),
(63, 'Rev', 'Chicky', 'Truswell', 'Malawi', '34 Prairieview Point', 'Mangochi', NULL, '1188404592', '2157645628', 'gtruswell1o@yale.edu', 'Giorgia', '8106583325', 2, 'Homosalate, Octocrylene, Ethylhexyl Salicylate, Titanium Dioxide', 1, 'Cole Inc', 2, 1, 'Lynch-Connelly', 2, 'Aubagne', '2022-09-01', 1, 1, 'Assamese', '9457592581', '2022-09-14', 1, 2, 4, 3, '2022-09-07 06:57:55', '2022-09-07 06:57:55'),
(64, 'Honorable', 'Salomone', 'Screase', 'Russia', '038 Division Park', 'Chuguyevka', '692607', '7913613961', '6409756163', 'hscrease1p@amazon.com', 'Hunt', '6508751533', 2, 'Aluminum Zirconium Trichlorohydrex Gly', 2, 'Wisoky-Reichel', 2, 1, 'McDermott Group', 1, 'Kristianstad', '2022-09-01', 1, 1, 'Japanese', '5526369625', '2022-09-14', 1, 1, 4, 3, '2022-09-07 06:57:55', '2022-09-07 06:57:55'),
(65, 'Mrs', 'Cordelie', 'Lacasa', 'Russia', '1558 Moulton Hill', 'Novokhovrino', '141707', '6878871345', '8443536669', 'glacasa1q@mapy.cz', 'Gwendolin', '9112890671', 1, 'EUCALYPTOL, MENTHOL, METHYL SALICYLATE, THYMOL', 2, 'Schulist-Brakus', 1, 1, 'VonRueden, Lehner and Lesch', 2, 'Yaransk', '2022-09-01', 1, 2, 'Lao', '4800778395', '2022-09-14', 1, 2, 4, 3, '2022-09-07 06:57:55', '2022-09-07 06:57:55'),
(66, 'Ms', 'Arlee', 'Morlon', 'Philippines', '914 Anzinger Avenue', 'Claveria', '9004', '5497910463', '1632894124', 'nmorlon1r@discuz.net', 'Nettie', '6071710440', 1, 'Belladonna', 1, 'Beahan Inc', 2, 1, 'Larkin, Crona and Schuster', 1, 'Zaliztsi', '2022-09-01', 2, 2, 'Filipino', '6922679288', '2022-09-14', 1, 2, 4, 3, '2022-09-07 06:57:55', '2022-09-07 06:57:55'),
(67, 'Mrs', 'Salomone', 'Leckey', 'Finland', '395 Morrow Street', 'Hankasalmi', '41521', '1533728459', '5431943550', 'jleckey1s@bigcartel.com', 'Joella', '5095135202', 1, 'Lovastatin', 1, 'Fadel LLC', 2, 1, 'Bartoletti-Morar', 1, 'Lere', '2022-09-01', 2, 2, 'Icelandic', '6813239325', '2022-09-14', 2, 1, 4, 3, '2022-09-07 06:57:55', '2022-09-07 06:57:55'),
(68, 'Rev', 'Marmaduke', 'Wein', 'Russia', '1349 Coolidge Alley', 'Zelenograd', '143912', '1845875187', '3014443670', 'swein1t@canalblog.com', 'Shawna', '9367105020', 1, 'Butalbital, Acetaminophen, and Caffeine', 1, 'Corkery-Aufderhar', 1, 1, 'Johnston-Considine', 2, 'Kidatu', '2022-09-01', 1, 1, 'Lao', '2804626660', '2022-09-14', 1, 1, 4, 3, '2022-09-07 06:57:55', '2022-09-07 06:57:55'),
(69, 'Mrs', 'Cathrine', 'Edmans', 'South Africa', '11 Nova Pass', 'Mtubatuba', '3940', '7928646608', '2146325405', 'hedmans1u@etsy.com', 'Hartwell', '2704625742', 2, 'triamcinolone acetonide', 1, 'Champlin, Kulas and Kihn', 2, 1, 'Gusikowski and Sons', 1, 'Xiangshan', '2022-09-01', 2, 2, 'Northern Sotho', '7922866178', '2022-09-14', 2, 1, 4, 3, '2022-09-07 06:57:55', '2022-09-07 06:57:55'),
(70, 'Mrs', 'Dewitt', 'Willatt', 'Portugal', '916 Linden Circle', 'Giesteira', '2495-593', '4103063994', '2454978512', 'hwillatt1v@xing.com', 'Herbie', '9966846968', 2, 'Naproxen', 1, 'Romaguera-Ruecker', 1, 1, 'Gerhold, Yost and Hills', 1, 'Mujur', '2022-09-01', 2, 2, 'French', '1952419883', '2022-09-14', 2, 1, 4, 3, '2022-09-07 06:57:55', '2022-09-07 06:57:55'),
(71, 'Dr', 'Sydel', 'Chess', 'Greece', '6934 Old Gate Alley', 'Kallithéa', NULL, '9598412078', '2279013696', 'cchess1w@fotki.com', 'Cecilla', '2413923390', 1, 'GABAPENTIN', 2, 'Gleichner, Boyle and Paucek', 2, 1, 'Senger, Mills and Halvorson', 2, 'Mikhaylov', '2022-09-01', 2, 2, 'Greek', '6517345477', '2022-09-14', 2, 1, 4, 3, '2022-09-07 06:57:55', '2022-09-07 06:57:55'),
(72, 'Mrs', 'Staford', 'Leidecker', 'Indonesia', '65862 7th Alley', 'Kedungreja', NULL, '1764914800', '2661679614', 'lleidecker1x@cbc.ca', 'Lyman', '6042336444', 2, 'Zincum Aceticum, Zincum Gluconicum', 2, 'Kub-Beahan', 1, 1, 'Kuvalis, Marks and Kiehn', 2, 'Gulong', '2022-09-01', 2, 2, 'Kyrgyz', '0631339809', '2022-09-14', 2, 1, 4, 3, '2022-09-07 06:57:55', '2022-09-07 06:57:55'),
(73, 'Mrs', 'Murielle', 'Spritt', 'Philippines', '0966 Pierstorff Circle', 'Dimiao', '6305', '3213176378', '8987565437', 'mspritt1y@issuu.com', 'Mayne', '4672944447', 1, 'hydrocodone bitartrate and acetaminophen', 2, 'Zulauf LLC', 1, 2, 'Dietrich, Rowe and Haag', 1, 'Eláteia', '2022-09-01', 1, 2, 'Icelandic', '5221482401', '2022-09-14', 2, 2, 4, 3, '2022-09-07 06:57:55', '2022-09-07 06:57:55'),
(74, 'Mrs', 'Shawnee', 'Jouning', 'China', '39 Packers Crossing', 'Baiheshan', NULL, '1911166985', '7957856755', 'tjouning1z@umich.edu', 'Thibaud', '4043816885', 1, 'Acetaminophen, Dextromethorphan HBr, Doxylamine succinate, Phenylephrine HCl', 1, 'Cole Inc', 2, 1, 'Fahey, Dickens and Little', 1, 'Uusikaupunki', '2022-09-01', 2, 2, 'Mongolian', '9575269373', '2022-09-14', 1, 2, 4, 3, '2022-09-07 06:57:55', '2022-09-07 06:57:55'),
(75, 'Dr', 'Shannon', 'Pinckstone', 'Poland', '57 Lake View Road', 'Sulęcin', '69-200', '4347444880', '5905918876', 'wpinckstone20@cafepress.com', 'Walt', '8534845763', 2, 'Clarithromycin', 1, 'Keeling, Gulgowski and Beatty', 2, 1, 'Keebler-Collier', 1, 'Mompós', '2022-09-01', 1, 1, 'Italian', '3974744886', '2022-09-14', 2, 1, 4, 3, '2022-09-07 06:57:55', '2022-09-07 06:57:55'),
(76, 'Honorable', 'Lucine', 'Busby', 'Argentina', '9 Forest Run Alley', 'Colonia Elisa', '3515', '4446840735', '9777782498', 'rbusby21@shinystat.com', 'Rudolph', '8805523685', 2, 'Phentermine Hydrochloride', 2, 'Hand LLC', 2, 1, 'Koepp Group', 2, 'Hanušovice', '2022-09-01', 2, 2, 'Haitian Creole', '3112825551', '2022-09-14', 2, 1, 4, 3, '2022-09-07 06:57:55', '2022-09-07 06:57:55'),
(77, 'Honorable', 'Brandea', 'Bartunek', 'Denmark', '9216 Kingsford Way', 'København', '1532', '2186659891', '7646906025', 'cbartunek22@sun.com', 'Celina', '1023157325', 1, 'Naproxen Sodium', 2, 'Rippin Inc', 2, 2, 'Moore-Nicolas', 2, 'İsmayıllı', '2022-09-01', 1, 1, 'Sotho', '8443869798', '2022-09-14', 2, 2, 4, 3, '2022-09-07 06:57:55', '2022-09-07 06:57:55'),
(78, 'Dr', 'Brandtr', 'Jouhning', 'Ecuador', '13 Manufacturers Park', 'Latacunga', NULL, '7547535437', '4071300860', 'ljouhning23@so-net.ne.jp', 'Leta', '7919225139', 1, 'Influenzinum, Morbillinum, Pertussinum, Aconitum nap., Alumina, Antimon. tart., Arsenicum alb., Baptisia, Belladonna, Bryonia, Cinchona, Crotalus horridus, Gelsemium, Kali bic., Lachesis, Ledum, Merc. viv., Mezereum, Nux vom., Phosphorus, Pulsatilla, Rhus', 2, 'Ebert-Gaylord', 1, 1, 'Waters-Hintz', 1, 'Kikerino', '2022-09-01', 2, 2, 'Macedonian', '9336048171', '2022-09-14', 2, 1, 4, 3, '2022-09-07 06:57:55', '2022-09-07 06:57:55'),
(79, 'Honorable', 'Kathryn', 'Metrick', 'China', '828 Texas Point', 'Wangchang', NULL, '4888231311', '5252006438', 'cmetrick24@furl.net', 'Clywd', '7667945558', 2, 'Amitriptyline Hydrochloride', 1, 'Jerde and Sons', 1, 1, 'Rosenbaum and Sons', 1, 'Narathiwat', '2022-09-01', 2, 1, 'Fijian', '1593751974', '2022-09-14', 2, 1, 4, 3, '2022-09-07 06:57:55', '2022-09-07 06:57:55'),
(80, 'Mr', 'Ash', 'Dunthorn', 'Chile', '6537 Maywood Parkway', 'Chile Chico', NULL, '4364042861', '3259989731', 'bdunthorn25@godaddy.com', 'Basile', '8824132715', 2, 'Lorazepam', 2, 'Schinner, Harber and Murray', 2, 1, 'O\'Reilly, Reichel and Schulist', 2, 'São Domingos', '2022-09-01', 2, 2, 'Armenian', '3919097017', '2022-09-14', 2, 1, 5, 3, '2022-09-07 06:57:55', '2022-09-07 06:57:55'),
(81, 'Dr', 'Julianna', 'Persich', 'Jamaica', '7771 Thompson Court', 'Bethel Town', NULL, '9258811768', '8413964520', 'lpersich26@123-reg.co.uk', 'Laural', '4902237128', 1, 'fluticasone furoate', 2, 'Torphy and Sons', 1, 2, 'Kunde-Haag', 2, 'Nova Petrópolis', '2022-09-01', 2, 1, 'Maltese', '2849416878', '2022-09-14', 2, 1, 5, 3, '2022-09-07 06:57:55', '2022-09-07 06:57:55'),
(82, 'Honorable', 'Vaclav', 'Cruise', 'Indonesia', '0 Lyons Crossing', 'Japerejo', NULL, '9728632278', '1645738038', 'acruise27@google.pl', 'Alix', '3024144255', 1, 'Acetaminophen, Chlorpheniramine Maleate, Dextromethorphan HBr, Phenylephrine HCl', 2, 'Schuster, Shanahan and Harris', 1, 1, 'Stokes-Mueller', 1, 'Hayama', '2022-09-01', 2, 1, 'French', '7800025152', '2022-09-14', 2, 2, 5, 3, '2022-09-07 06:57:55', '2022-09-07 06:57:55'),
(83, 'Dr', 'Randene', 'Setford', 'Armenia', '89924 Myrtle Circle', 'Abovyan', NULL, '7584905701', '6215022094', 'asetford28@wunderground.com', 'Andee', '4144271251', 2, 'Chlophedianol HCL, Chlorpheniramine Maleate and Phenylephrine HCl', 2, 'Will and Sons', 2, 2, 'Gerhold Inc', 2, 'Wirral', '2022-09-01', 1, 2, 'Kashmiri', '0309878489', '2022-09-14', 1, 2, 5, 3, '2022-09-07 06:57:55', '2022-09-07 06:57:55'),
(84, 'Dr', 'Genevra', 'Try', 'Russia', '08625 Crest Line Avenue', 'Adygeysk', '385202', '8834001395', '7836197687', 'ntry29@bravesites.com', 'Nichol', '3884567765', 2, 'Lamotrigine', 1, 'Abshire-Hegmann', 1, 1, 'Maggio LLC', 2, 'Lyon', '2022-09-01', 1, 2, 'Swati', '4422767364', '2022-09-14', 2, 2, 5, 3, '2022-09-07 06:57:55', '2022-09-07 06:57:55'),
(85, 'Mrs', 'Guinevere', 'Ellens', 'China', '8 Dennis Road', 'Taihe', NULL, '7735355836', '8946056470', 'aellens2a@mtv.com', 'Alfie', '9957263753', 1, 'Oxygen', 2, 'Blanda, Sawayn and Feil', 2, 1, 'Swift-Wehner', 2, 'Trzebinia', '2022-09-01', 1, 1, 'Bulgarian', '7945116752', '2022-09-14', 1, 1, 5, 3, '2022-09-07 06:57:55', '2022-09-07 06:57:55'),
(86, 'Mrs', 'Cecilia', 'Gowling', 'Peru', '96573 Erie Street', 'Conchopata', NULL, '3718106157', '4354199564', 'jgowling2b@ox.ac.uk', 'Jacob', '4431632042', 2, 'Avobenzone, Homosalate, Octisalate, Octocrylene, and Oxybenzone', 2, 'Hirthe-Marvin', 1, 1, 'Heller-Blanda', 1, 'Si Bun Rueang', '2022-09-01', 1, 2, 'Mongolian', '8201651014', '2022-09-14', 1, 1, 5, 3, '2022-09-07 06:57:55', '2022-09-07 06:57:55'),
(87, 'Honorable', 'Denny', 'Swinden', 'Thailand', '94920 Goodland Parkway', 'Raman', '95140', '9686583645', '6776940194', 'cswinden2c@java.com', 'Cher', '8649196063', 1, 'olmesartan medoxomil / amlodipine besylate / hydrochlorothiazide', 1, 'Hammes, Kihn and Keebler', 1, 1, 'Kling-Rogahn', 2, 'Montesson', '2022-09-01', 2, 2, 'French', '8032275428', '2022-09-14', 2, 2, 5, 3, '2022-09-07 06:57:55', '2022-09-07 06:57:55'),
(88, 'Mr', 'Laney', 'Arrault', 'Cuba', '6 Haas Pass', 'La Habana Vieja', NULL, '3844424804', '8567160291', 'jarrault2d@fotki.com', 'Joachim', '5527264108', 2, 'Nystatin and Triamcinolone Acetonide', 2, 'Kertzmann LLC', 2, 2, 'Thiel and Sons', 2, 'Skuratovskiy', '2022-09-01', 2, 2, 'Gagauz', '2628361868', '2022-09-14', 1, 1, 5, 3, '2022-09-07 06:57:55', '2022-09-07 06:57:55'),
(89, 'Ms', 'Jephthah', 'Nortunen', 'Libya', '3 Quincy Avenue', 'Mizdah', NULL, '7899764007', '6899143013', 'knortunen2e@ovh.net', 'Kalila', '5042281888', 2, 'Ensulizole Homosalate Octinoxate Octocrylene Zinc oxide', 2, 'Crona Inc', 2, 1, 'Barton, Ledner and Kunze', 1, 'Marseille', '2022-09-01', 1, 1, 'Thai', '8845716147', '2022-09-14', 1, 2, 5, 3, '2022-09-07 06:57:55', '2022-09-07 06:57:55'),
(90, 'Honorable', 'Derron', 'Ratnege', 'Albania', '66 Pine View Drive', 'Lis', NULL, '1432339913', '6751210673', 'sratnege2f@princeton.edu', 'Stefan', '8388422607', 2, 'Testosterone Cypionate', 1, 'Wehner Group', 1, 1, 'Walter Inc', 2, 'Kratié', '2022-09-01', 2, 2, 'Portuguese', '2550837320', '2022-09-14', 1, 2, 5, 3, '2022-09-07 06:57:55', '2022-09-07 06:57:55'),
(91, 'Dr', 'Eddie', 'Baughan', 'France', '05 Orin Point', 'Angoulême', '16015 CEDEX', '6271928893', '4141210436', 'tbaughan2g@cbsnews.com', 'Tallou', '5371615644', 1, 'Petrolatum', 1, 'Welch, Hessel and Prosacco', 2, 1, 'Hessel, Kuvalis and Yost', 2, 'Kstovo', '2022-09-01', 2, 2, 'Lao', '9164068641', '2022-09-14', 2, 2, 5, 3, '2022-09-07 06:57:55', '2022-09-07 06:57:55'),
(92, 'Honorable', 'Rhett', 'McKinless', 'China', '07 Mayfield Circle', 'Wenquan', NULL, '6127807248', '5099527311', 'emckinless2h@diigo.com', 'Elton', '4752907798', 2, 'Quinine Sulfate', 2, 'Hodkiewicz Group', 1, 1, 'Prosacco LLC', 2, 'Ruukki', '2022-09-01', 1, 1, 'Polish', '6419715075', '2022-09-14', 2, 2, 5, 3, '2022-09-07 06:57:55', '2022-09-07 06:57:55'),
(93, 'Honorable', 'Flora', 'Elcome', 'France', '7473 Summerview Avenue', 'Lons-le-Saunier', '39029 CEDEX', '6259127956', '2135100803', 'lelcome2i@cdc.gov', 'Leland', '6508725330', 1, 'Guaifenesin, Dextromethorphan HBr', 1, 'Robel-Weimann', 2, 2, 'Hansen, Walter and Konopelski', 1, 'Lapai', '2022-09-01', 1, 1, 'Hungarian', '7745890268', '2022-09-14', 2, 1, 5, 3, '2022-09-07 06:57:55', '2022-09-07 06:57:55'),
(94, 'Ms', 'Margaret', 'Pull', 'Indonesia', '2028 Moose Way', 'Telengsari', NULL, '7982663350', '5867717892', 'ipull2j@cnn.com', 'Isidora', '1162663217', 2, 'TOLNAFTATE', 2, 'Hyatt Group', 1, 2, 'Ziemann-Nader', 1, 'Šenčur', '2022-09-01', 2, 1, 'Bislama', '6325499042', '2022-09-14', 1, 2, 5, 3, '2022-09-07 06:57:55', '2022-09-07 06:57:55'),
(95, 'Ms', 'Staci', 'Feldmus', 'Latvia', '76 Lighthouse Bay Parkway', 'Vecpiebalga', NULL, '4689317069', '9716857883', 'jfeldmus2k@blogs.com', 'Jefferson', '7447401487', 2, 'pramoxine hydrochloride', 1, 'Smitham, Carroll and Tremblay', 2, 2, 'Von-Altenwerth', 1, 'Huanggong', '2022-09-01', 2, 2, 'Somali', '2814318748', '2022-09-14', 2, 1, 5, 3, '2022-09-07 06:57:55', '2022-09-07 06:57:55'),
(96, 'Mr', 'Paquito', 'Maultby', 'China', '4124 Scofield Circle', 'Xuedian', NULL, '8288836723', '4738769417', 'bmaultby2l@shop-pro.jp', 'Bartlett', '9157660777', 2, 'ALCOHOL', 2, 'McDermott Inc', 1, 2, 'Cronin, Hilpert and Medhurst', 1, 'Suchy Las', '2022-09-01', 1, 1, 'Japanese', '1820249107', '2022-09-14', 2, 2, 5, 3, '2022-09-07 06:57:55', '2022-09-07 06:57:55'),
(97, 'Mr', 'Johannes', 'Betteson', 'Philippines', '19 Del Mar Court', 'Cama Juan', '1656', '5196701213', '8492625306', 'hbetteson2m@macromedia.com', 'Hermann', '2843268130', 1, 'CEFTIBUTEN DIHYDRATE', 1, 'Huel and Sons', 1, 2, 'Keebler and Sons', 1, 'Bogdanovich', '2022-09-01', 2, 1, 'English', '7966115984', '2022-09-14', 2, 2, 5, 3, '2022-09-07 06:57:55', '2022-09-07 06:57:55'),
(98, 'Mr', 'Gabriele', 'Sisson', 'United States', '93697 Glacier Hill Lane', 'Boston', '02114', '7812506242', '8658076409', 'dsisson2n@newyorker.com', 'Dino', '9419614646', 1, 'Giant Wild Rye', 2, 'Romaguera-Purdy', 2, 1, 'Hagenes LLC', 2, 'Bayt Ta‘mar', '2022-09-01', 2, 1, 'Croatian', '5283225704', '2022-09-14', 1, 2, 5, 3, '2022-09-07 06:57:55', '2022-09-07 06:57:55'),
(99, 'Honorable', 'Kellsie', 'Matitiaho', 'Russia', '08 Prairieview Junction', 'Novopokrovka', '692175', '6505451073', '6544478871', 'ematitiaho2o@livejournal.com', 'Emmalee', '8144057515', 2, 'Malathion', 1, 'Auer Group', 1, 1, 'Stoltenberg Group', 2, 'Nogueira da Regedoura', '2022-09-01', 2, 1, 'Swahili', '1593747764', '2022-09-14', 1, 1, 5, 3, '2022-09-07 06:57:55', '2022-09-07 06:57:55'),
(100, 'Rev', 'Danika', 'Dalrymple', 'Nigeria', '79367 Hanover Terrace', 'Kura', NULL, '9615317362', '7529357469', 'zdalrymple2p@qq.com', 'Zacherie', '6004530390', 1, 'Beef', 2, 'Hodkiewicz, Huel and Raynor', 1, 1, 'Tremblay, Padberg and Altenwerth', 1, 'Zhangbang', '2022-09-01', 2, 1, 'Tsonga', '8319955734', '2022-09-14', 2, 1, 6, 2, '2022-09-07 06:57:55', '2022-09-07 06:57:55'),
(101, 'Rev', 'Fay', 'Mays', 'Martinique', '68809 Derek Way', 'Fort-de-France', '97204 CEDEX', '6982648187', '7589512633', 'kmays2q@bing.com', 'Karena', '8637761273', 1, 'Salicylic acid', 1, 'Schoen-Walker', 1, 1, 'Abbott, Jacobi and Littel', 1, 'Songwon', '2022-09-01', 2, 1, 'Bengali', '4767337585', '2022-09-14', 2, 1, 6, 2, '2022-09-07 06:57:55', '2022-09-07 06:57:55'),
(102, 'Mr', 'Gabbie', 'Thorsen', 'Iran', '8815 Ilene Plaza', 'Gonābād', NULL, '3353202936', '8874771603', 'cthorsen2r@exblog.jp', 'Carlie', '5556769261', 2, 'Dimethicone', 1, 'Kuhic Group', 1, 1, 'Murazik, Rippin and Larkin', 2, 'Thị Trấn Vạn Hà', '2022-09-01', 2, 1, 'Pashto', '2338094921', '2022-09-14', 2, 1, 6, 2, '2022-09-07 06:57:55', '2022-09-07 06:57:55'),
(103, 'Ms', 'Lorain', 'Beaulieu', 'France', '04 Goodland Street', 'Besançon', '25086 CEDEX 9', '7599227262', '8534626105', 'dbeaulieu2s@amazon.de', 'Dinny', '4504172295', 1, 'Moxifloxacin', 2, 'Waters Inc', 1, 1, 'Nienow, Lesch and Bashirian', 1, 'Zernograd', '2022-09-01', 1, 2, 'Ndebele', '9907023272', '2022-09-14', 1, 1, 6, 2, '2022-09-07 06:57:55', '2022-09-07 06:57:55'),
(104, 'Ms', 'Bethany', 'Sciacovelli', 'Pakistan', '70 Del Sol Way', 'Naudero', '77381', '6772851966', '1186074902', 'psciacovelli2t@reference.com', 'Phillip', '4332104069', 1, 'TITANIUM DIOXIDE', 1, 'Hamill, Carroll and Medhurst', 2, 1, 'Hauck-Schultz', 2, 'Maumbawa', '2022-09-01', 2, 1, 'Romanian', '0802961711', '2022-09-14', 1, 1, 6, 2, '2022-09-07 06:57:55', '2022-09-07 06:57:55'),
(105, 'Rev', 'Mari', 'Mogg', 'Portugal', '0084 Bay Alley', 'São Mateus', '9700-555', '4513785527', '6476480468', 'amogg2u@nyu.edu', 'Avie', '2138107662', 2, 'HUMAN IMMUNOGLOBULIN G', 1, 'Wisoky Group', 1, 2, 'Farrell-Fadel', 2, 'Oematnunu', '2022-09-01', 1, 2, 'Aymara', '8957982531', '2022-09-14', 1, 1, 6, 2, '2022-09-07 06:57:55', '2022-09-07 06:57:55'),
(106, 'Mrs', 'Kathye', 'Deniso', 'Czech Republic', '8 Haas Way', 'Hovězí', '756 01', '8498141518', '5488278635', 'ddeniso2v@amazonaws.com', 'Darryl', '7281495170', 2, 'Goserelin acetate', 1, 'Roob Group', 1, 2, 'McGlynn Group', 2, 'Čelinac', '2022-09-01', 1, 1, 'Assamese', '2677665050', '2022-09-14', 1, 1, 6, 2, '2022-09-07 06:57:55', '2022-09-07 06:57:55'),
(107, 'Mr', 'Brigham', 'Matelyunas', 'Costa Rica', '453 Crowley Road', 'La Virgen', '41002', '2229563361', '5871355277', 'amatelyunas2w@vinaora.com', 'Aurthur', '4237590511', 2, 'White oxide of arsenic, pot marigold, spanish fly, stinging nettle', 1, 'Rau-Jones', 2, 2, 'Jones and Sons', 1, 'Severnoye', '2022-09-01', 1, 2, 'Estonian', '3723254020', '2022-09-14', 2, 2, 6, 2, '2022-09-07 06:57:55', '2022-09-07 06:57:55'),
(108, 'Ms', 'Boyd', 'Pfeuffer', 'Indonesia', '716 Waxwing Point', 'Bunut', NULL, '6018184573', '1976532908', 'dpfeuffer2x@huffingtonpost.com', 'Duky', '3365649667', 2, 'Ampicillin sodium', 2, 'Dibbert LLC', 1, 2, 'Hoeger-Langworth', 1, 'Zaliznychne', '2022-09-01', 1, 1, 'Catalan', '6583102900', '2022-09-14', 2, 2, 6, 2, '2022-09-07 06:57:55', '2022-09-07 06:57:55'),
(109, 'Mrs', 'Hayward', 'MacConchie', 'United Kingdom', '9 8th Street', 'Belfast', 'BT2', '1337471124', '2781259406', 'amacconchie2y@meetup.com', 'Allister', '5027108347', 2, 'Nadolol', 2, 'Hirthe-Cremin', 1, 2, 'Gusikowski-Deckow', 2, 'Cerme Kidul', '2022-09-01', 1, 2, 'Azeri', '4104694002', '2022-09-14', 1, 2, 6, 2, '2022-09-07 06:57:55', '2022-09-07 06:57:55'),
(110, 'Honorable', 'Jennifer', 'Renwick', 'Brazil', '8 Golf Road', 'Padre Bernardo', '73700-000', '4997793777', '7175108434', 'mrenwick2z@twitter.com', 'Morgan', '4724780806', 1, 'Topiramate', 2, 'Little, Cartwright and Botsford', 2, 2, 'Kuhn, Rath and Huel', 1, 'Mayisyan', '2022-09-01', 1, 1, 'Arabic', '0539495611', '2022-09-14', 2, 2, 6, 2, '2022-09-07 06:57:55', '2022-09-07 06:57:55'),
(111, 'Rev', 'Corey', 'Blasli', 'Niger', '783 Buell Hill', 'Matamey', NULL, '7941104803', '5007912461', 'tblasli30@mediafire.com', 'Terrie', '6028285648', 2, 'Burweed Marsh Elder', 2, 'McLaughlin, Bartell and Mayer', 2, 2, 'McGlynn-Bechtelar', 2, 'Montfavet', '2022-09-01', 1, 1, 'Fijian', '1420069594', '2022-09-14', 1, 1, 6, 2, '2022-09-07 06:57:55', '2022-09-07 06:57:55'),
(112, 'Honorable', 'Derk', 'Raoult', 'Canada', '9664 Graedel Parkway', 'Vulcan', 'V6M', '5495564787', '3596903424', 'hraoult31@yale.edu', 'Hamel', '9336998765', 1, 'Octinoxate 7.5%', 2, 'Fadel Group', 2, 2, 'Rohan, Waters and Schuppe', 1, 'Puncakwangi', '2022-09-01', 1, 2, 'Dhivehi', '3326941358', '2022-09-14', 2, 1, 6, 2, '2022-09-07 06:57:55', '2022-09-07 06:57:55'),
(113, 'Ms', 'Cherlyn', 'Shipman', 'China', '14960 Morning Way', 'Quanyang', NULL, '1964790720', '1148153643', 'mshipman32@aol.com', 'Margi', '5034114919', 2, 'pimozide', 1, 'Greenholt-Littel', 2, 2, 'Dach-Spinka', 2, 'Liubo', '2022-09-01', 1, 1, 'Tok Pisin', '3809842281', '2022-09-14', 2, 2, 6, 2, '2022-09-07 06:57:55', '2022-09-07 06:57:55'),
(114, 'Dr', 'Dorthy', 'Franzonello', 'Russia', '5803 Fallview Trail', 'Shcherbinka', '142720', '5445896743', '6384433692', 'nfranzonello33@toplist.cz', 'Nadia', '2145960572', 1, 'OCTINOXATE AND AVOBENZONE', 2, 'Grimes, Ortiz and Barton', 2, 2, 'Kulas and Sons', 2, 'Novaya Lyalya', '2022-09-01', 2, 1, 'Gagauz', '0925752282', '2022-09-14', 2, 2, 6, 2, '2022-09-07 06:57:55', '2022-09-07 06:57:55'),
(115, 'Mr', 'Krishna', 'McKeveney', 'Greece', '05041 Nobel Hill', 'Rodolívos', NULL, '1615215291', '7191530095', 'mmckeveney34@timesonline.co.uk', 'Marabel', '4133355393', 1, 'OCTINOXATE, OXYBENZONE', 1, 'O\'Reilly and Sons', 2, 1, 'Mohr, Keeling and Mills', 1, 'Datun', '2022-09-01', 2, 2, 'Yiddish', '5479624229', '2022-09-14', 1, 2, 6, 2, '2022-09-07 06:57:55', '2022-09-07 06:57:55'),
(116, 'Honorable', 'Rory', 'Meade', 'Netherlands', '2832 Oak Center', 'Zaandam', '1509', '9985452193', '1983792371', 'smeade35@engadget.com', 'Sarena', '3494752166', 1, 'aluminum hydroxide, magnesium hydroxide, simethicone', 1, 'O\'Hara-Streich', 1, 1, 'Nikolaus, Stokes and Considine', 1, 'Fushë-Muhurr', '2022-09-01', 1, 1, 'Kashmiri', '7453679389', '2022-09-14', 1, 2, 6, 2, '2022-09-07 06:57:55', '2022-09-07 06:57:55'),
(117, 'Mrs', 'Margareta', 'Hinchon', 'China', '0 Michigan Alley', 'Yuzhai', NULL, '9632530903', '8845240286', 'jhinchon36@dyndns.org', 'Jobie', '6558537938', 1, 'Meprobamate', 2, 'Champlin, Halvorson and Gibson', 2, 1, 'Nader-Herzog', 2, 'Dongxi', '2022-09-01', 1, 2, 'Gujarati', '6939412859', '2022-09-14', 2, 2, 6, 2, '2022-09-07 06:57:55', '2022-09-07 06:57:55'),
(118, 'Rev', 'See', 'Culkin', 'Cameroon', '0976 Vernon Trail', 'Ambam', NULL, '2146508408', '8282686552', 'nculkin37@linkedin.com', 'Nick', '1553488075', 2, 'Cilostazol', 1, 'Reinger, Little and Kerluke', 1, 1, 'Medhurst Group', 1, 'Alvarães', '2022-09-01', 2, 1, 'Spanish', '7400258117', '2022-09-14', 1, 2, 6, 2, '2022-09-07 06:57:55', '2022-09-07 06:57:55'),
(119, 'Dr', 'Aurlie', 'Drohan', 'Brazil', '181 Redwing Center', 'Pedro Leopoldo', '33600-000', '8019885416', '2832915262', 'cdrohan38@jugem.jp', 'Cristen', '4292844075', 1, 'chloroxylenol', 2, 'Tremblay-Terry', 2, 1, 'Kertzmann LLC', 1, 'Ogwashi-Uku', '2022-09-01', 1, 1, 'Bengali', '0726305626', '2022-09-14', 2, 2, 6, 2, '2022-09-07 06:57:55', '2022-09-07 06:57:55'),
(120, 'Ms', 'Urson', 'Marples', 'China', '79895 Havey Road', 'Tuojiang', NULL, '2309590369', '3815639917', 'wmarples39@bbb.org', 'Willabella', '9979546102', 2, 'Octinoxate, Titanium Dioxide', 1, 'Wyman-O\'Hara', 1, 1, 'Feil, Fahey and Dicki', 1, 'Serang', '2022-09-01', 2, 1, 'English', '0486601986', '2022-09-14', 2, 2, 7, 2, '2022-09-07 06:57:55', '2022-09-07 06:57:55'),
(121, 'Honorable', 'Ingamar', 'Rosenfelt', 'Indonesia', '304 Logan Circle', 'Amparita', NULL, '8159320155', '8169921887', 'prosenfelt3a@google.it', 'Phaedra', '4803393514', 2, 'Octinoxate, Oxybenzone, and Titanium Dioxide', 1, 'Gutkowski, Hackett and Abernathy', 2, 1, 'Bergnaum-Lowe', 2, 'Deder', '2022-09-01', 2, 2, 'Icelandic', '3056427908', '2022-09-14', 2, 1, 7, 2, '2022-09-07 06:57:55', '2022-09-07 06:57:55'),
(122, 'Mr', 'Coop', 'Quarry', 'Poland', '6883 8th Parkway', 'Otyń', '67-101', '2642735032', '8756374672', 'aquarry3b@columbia.edu', 'Alessandra', '3429941496', 1, 'cefotaxime sodium', 2, 'Marvin, Weissnat and Kihn', 1, 2, 'Fay, Walter and Bechtelar', 1, 'Mulyoagung', '2022-09-01', 2, 2, 'Chinese', '1356359760', '2022-09-14', 2, 2, 7, 2, '2022-09-07 06:57:55', '2022-09-07 06:57:55'),
(123, 'Honorable', 'Genia', 'Bonniface', 'Slovakia', '63 Dayton Hill', 'Bratislava', '820 01', '2062847798', '5549513790', 'sbonniface3c@plala.or.jp', 'Skipton', '6679349341', 2, 'DONEPEZIL', 2, 'Ritchie Group', 1, 2, 'Jaskolski, Mayer and Fisher', 1, 'Mabugang', '2022-09-01', 1, 2, 'Italian', '4648032055', '2022-09-14', 2, 2, 7, 2, '2022-09-07 06:57:55', '2022-09-07 06:57:55'),
(124, 'Ms', 'Ethel', 'Jendrys', 'Portugal', '8 Jenna Junction', 'Altares', '9700-308', '4116107903', '1603315576', 'gjendrys3d@macromedia.com', 'Gallard', '1435058369', 2, 'Albuterol Sulfate', 2, 'Lubowitz-Kuphal', 1, 1, 'O\'Reilly, Stiedemann and Kris', 2, 'Le Havre', '2022-09-01', 2, 2, 'Dzongkha', '9022021076', '2022-09-14', 2, 2, 7, 2, '2022-09-07 06:57:55', '2022-09-07 06:57:55'),
(125, 'Rev', 'Magda', 'Brittoner', 'China', '4 Jana Point', 'Gonghe', NULL, '8382156472', '2402555912', 'mbrittoner3e@dagondesign.com', 'Melanie', '4948748815', 2, 'Antimonium Crudum, Belladonna, Calcarea Carbonica, Calcarea Fluorica, Calcarea Phosphorica, Hekla Lava, Mercurius Solubilis', 1, 'Orn-Dare', 1, 2, 'Kunze-Cartwright', 2, 'Dougou', '2022-09-01', 2, 2, 'West Frisian', '5223762304', '2022-09-14', 1, 2, 7, 2, '2022-09-07 06:57:55', '2022-09-07 06:57:55'),
(126, 'Ms', 'Buck', 'Cardno', 'Philippines', '0761 Sloan Park', 'Barotac Nuevo', '1045', '1817882664', '5687641902', 'hcardno3f@wikispaces.com', 'Hercules', '3778200975', 1, 'Nicotine Polacrilex', 2, 'Champlin and Sons', 2, 2, 'Kutch, Kihn and Pacocha', 1, 'Modosinal', '2022-09-01', 2, 1, 'Bulgarian', '6054141902', '2022-09-14', 1, 1, 7, 2, '2022-09-07 06:57:55', '2022-09-07 06:57:55'),
(127, 'Honorable', 'Gnni', 'Leavry', 'Russia', '76858 Bowman Trail', 'Mozdok', '363759', '1945682757', '4106745766', 'jleavry3g@ning.com', 'Juliana', '3766083018', 1, 'Sulfacetamide Sodium', 2, 'Bogan-Ortiz', 2, 2, 'Durgan LLC', 1, 'Baltimore', '2022-09-01', 1, 1, 'Polish', '0716450186', '2022-09-14', 1, 1, 7, 2, '2022-09-07 06:57:55', '2022-09-07 06:57:55'),
(128, 'Ms', 'Titos', 'Malimoe', 'United States', '8 Sauthoff Parkway', 'New York City', '10105', '9179727852', '5407076810', 'dmalimoe3h@wordpress.org', 'Darelle', '9419191799', 1, 'OCTINOXATE, OCTISALATE, TITANIUM DIOXIDE', 1, 'Bogan and Sons', 2, 2, 'Hayes-Von', 2, 'Popasna', '2022-09-01', 2, 1, 'Japanese', '8826959757', '2022-09-14', 1, 2, 7, 2, '2022-09-07 06:57:55', '2022-09-07 06:57:55'),
(129, 'Mrs', 'Vivie', 'Simonin', 'China', '25216 Tony Terrace', 'Guanxi', NULL, '3978918976', '5178199207', 'rsimonin3i@tripadvisor.com', 'Rolf', '1181495434', 2, 'Angelica Archangelica, Caulophyllum Thalictroides, Disoscorea Villosa, Oophorinum (Suis) Thyroidinum (Suis), Uterus (Suis), Zincum Gluconicum', 2, 'Hyatt, Rodriguez and Brekke', 2, 1, 'Jenkins, Hilll and Stehr', 1, 'Genzi', '2022-09-01', 1, 1, 'Nepali', '6799559267', '2022-09-14', 2, 2, 7, 2, '2022-09-07 06:57:55', '2022-09-07 06:57:55');
INSERT INTO `volunteers` (`id`, `salutation`, `given_name`, `family_name`, `country_of_birth`, `address`, `suburb`, `postcode`, `home_phone`, `mobile`, `email`, `emergency_contact_name`, `emergency_phone`, `is_disable`, `disable_details`, `have_car`, `insurance_name`, `is_prohibited`, `ready_for_police_chk`, `where_u_heard`, `have_volunteer_before`, `voluntered_where`, `volutered_date`, `permission_to_use_details`, `speak_any_other_lang`, `language`, `sign`, `sign_date`, `is_available_for_team`, `is_available_for_work`, `reason_for_volunterring`, `activities`, `updated_at`, `created_at`) VALUES
(130, 'Mrs', 'Shanan', 'Georgel', 'Indonesia', '134 Bayside Place', 'Sewon', NULL, '5354433993', '8316696713', 'tgeorgel3j@feedburner.com', 'Toma', '1333264605', 1, 'Acetaminophen', 2, 'Gerlach-Ratke', 2, 2, 'Torp Group', 2, 'Sasovo', '2022-09-01', 2, 1, 'West Frisian', '6929809918', '2022-09-14', 2, 2, 7, 2, '2022-09-07 06:57:55', '2022-09-07 06:57:55'),
(131, 'Honorable', 'Dorie', 'Leathe', 'Belarus', '38774 Merry Trail', 'Haradzishcha', NULL, '4647982082', '7611951235', 'gleathe3k@berkeley.edu', 'Gaven', '3775512525', 2, 'hydrochlorothiazide', 2, 'Wilkinson Inc', 1, 1, 'Hickle LLC', 1, 'Douentza', '2022-09-01', 2, 1, 'Quechua', '1929904762', '2022-09-14', 1, 2, 7, 2, '2022-09-07 06:57:55', '2022-09-07 06:57:55'),
(132, 'Honorable', 'Anna-diana', 'Balleine', 'Indonesia', '498 Buhler Avenue', 'Kuniran', NULL, '4008936689', '9529447842', 'vballeine3l@reverbnation.com', 'Valida', '4401902364', 1, 'buprenorphine hydrochloride, naloxone hydrochloride', 2, 'Hamill-Williamson', 2, 1, 'Thiel-Littel', 2, 'Ust’-Dzheguta', '2022-09-01', 2, 1, 'Tetum', '1786334267', '2022-09-14', 2, 1, 7, 2, '2022-09-07 06:57:55', '2022-09-07 06:57:55'),
(133, 'Ms', 'Sharron', 'Brauner', 'Indonesia', '56 Westerfield Drive', 'Padamulya', NULL, '3133053950', '2737007746', 'hbrauner3m@mtv.com', 'Hazel', '6081900888', 2, 'Chelidonium majus, Echinacea, Gentiana lutea, Arsenicum album, Carbo vegetabilis, Lycopodium clavatum, Nux vomica, Phosphorus, Pulsatilla', 1, 'Keeling-Emard', 2, 1, 'Nikolaus-Becker', 2, 'Yanfolila', '2022-09-01', 2, 2, 'Quechua', '6668478794', '2022-09-14', 1, 1, 7, 2, '2022-09-07 06:57:55', '2022-09-07 06:57:55'),
(134, 'Honorable', 'Puff', 'Cloy', 'United States', '43558 Briar Crest Lane', 'Alexandria', '22313', '5718072379', '2871972313', 'jcloy3n@exblog.jp', 'Janey', '8042563868', 2, 'HYDROGEN PEROXIDE', 2, 'Stark, Reinger and Schinner', 1, 1, 'Mills, Kunde and Hoeger', 2, 'Ussel', '2022-09-01', 1, 1, 'New Zealand Sign Language', '5637461198', '2022-09-14', 1, 1, 7, 2, '2022-09-07 06:57:55', '2022-09-07 06:57:55'),
(135, 'Honorable', 'Zia', 'Steabler', 'Saudi Arabia', '4 Cottonwood Avenue', 'Az Zulfi', NULL, '3388339093', '4709965892', 'lsteabler3o@desdev.cn', 'Lotty', '8387159499', 2, 'Diazepam', 2, 'Block Group', 2, 1, 'Zemlak Group', 2, 'El Parco District', '2022-09-01', 2, 1, 'Bengali', '7706505340', '2022-09-14', 2, 2, 7, 2, '2022-09-07 06:57:55', '2022-09-07 06:57:55'),
(136, 'Ms', 'Lonnard', 'Manske', 'China', '79 Lighthouse Bay Court', 'Zhangpu', NULL, '1119613880', '6003275007', 'lmanske3p@marriott.com', 'Lacie', '4238798572', 1, 'Nux vomica', 2, 'Corkery and Sons', 2, 1, 'Stehr-Blick', 1, 'Saint Ann’s Bay', '2022-09-01', 2, 1, 'Tamil', '2171999799', '2022-09-14', 1, 1, 7, 2, '2022-09-07 06:57:55', '2022-09-07 06:57:55'),
(137, 'Honorable', 'Nels', 'Hawkswood', 'Kyrgyzstan', '5606 Talisman Drive', 'Pokrovka', NULL, '9419740364', '5299181301', 'ehawkswood3q@constantcontact.com', 'Ethelbert', '8222056026', 1, 'Oxymetazoline HCl', 1, 'Yost, Goldner and Roberts', 1, 1, 'Kuhic and Sons', 1, 'Tha Tako', '2022-09-01', 1, 1, 'Dutch', '3574993609', '2022-09-14', 2, 2, 7, 2, '2022-09-07 06:57:55', '2022-09-07 06:57:55'),
(138, 'Dr', 'Abbey', 'Pawelke', 'Russia', '306 Oneill Center', 'Rybnoye', '400036', '9546049022', '2859036596', 'mpawelke3r@dedecms.com', 'Micah', '4821769876', 2, 'Methyldopa', 1, 'Abbott-Olson', 2, 1, 'Thompson-Ziemann', 1, 'Petrolina de Goiás', '2022-09-01', 2, 1, 'Assamese', '1837722145', '2022-09-14', 2, 2, 7, 2, '2022-09-07 06:57:55', '2022-09-07 06:57:55'),
(139, 'Ms', 'Brant', 'Wycliff', 'Uruguay', '867 Gina Plaza', 'Soca', NULL, '3828825933', '1805106378', 'swycliff3s@cbslocal.com', 'Stevana', '9541980797', 1, 'BENZALKONIUM CHLORIDE and LIDOCAINE HYDROCHLORIDE', 2, 'Balistreri, Howe and Lynch', 2, 2, 'Towne-Steuber', 1, 'Majiadu', '2022-09-01', 2, 2, 'Irish Gaelic', '9309022574', '2022-09-14', 2, 2, 7, 2, '2022-09-07 06:57:55', '2022-09-07 06:57:55'),
(140, 'Dr', 'Noelle', 'Giraudot', 'Sweden', '3 Granby Terrace', 'Örebro', '703 54', '9337839835', '7328740007', 'ngiraudot3t@123-reg.co.uk', 'Nicki', '3932666775', 2, 'Ethyl alcohol', 1, 'VonRueden, Fritsch and Wintheiser', 1, 1, 'Goyette LLC', 2, 'Tanshan', '2022-09-01', 1, 2, 'Arabic', '4522263325', '2022-09-14', 1, 2, 7, 2, '2022-09-07 06:57:55', '2022-09-07 06:57:55'),
(141, 'Mrs', 'Daffi', 'Tohill', 'China', '44801 Sloan Pass', 'Lisui', NULL, '5092922877', '4347836697', 'ftohill3u@blinklist.com', 'Fleming', '8862433635', 2, 'Acetaminophen', 2, 'Sporer-Brown', 1, 1, 'Senger-Schroeder', 2, 'Besançon', '2022-09-01', 1, 2, 'Swahili', '1390913260', '2022-09-14', 2, 2, 7, 2, '2022-09-07 06:57:55', '2022-09-07 06:57:55'),
(142, 'Honorable', 'Boot', 'Batterton', 'China', '39939 Burrows Alley', 'Zhenxing', NULL, '6989927818', '2271852687', 'kbatterton3v@symantec.com', 'Katya', '1707417996', 1, 'Oxymorphone Hydrochloride', 1, 'Rolfson-Welch', 2, 1, 'Kerluke Group', 2, 'Béoumi', '2022-09-01', 1, 1, 'Irish Gaelic', '5212348811', '2022-09-14', 1, 1, 7, 2, '2022-09-07 06:57:55', '2022-09-07 06:57:55'),
(143, 'Honorable', 'Rochester', 'Chatenier', 'United States', '2 Myrtle Terrace', 'Midland', '79710', '4324850003', '4187755986', 'rchatenier3w@shareasale.com', 'Robbi', '4515885842', 2, 'Fludarabine Phosphate', 2, 'Herman Group', 2, 2, 'Lehner-Johnston', 1, 'Jiang’an', '2022-09-01', 1, 1, 'Hungarian', '8061416271', '2022-09-14', 1, 1, 7, 2, '2022-09-07 06:57:55', '2022-09-07 06:57:55'),
(144, 'Mr', 'Jarrod', 'Waddoups', 'China', '93063 Holmberg Street', 'Xietang', NULL, '1954346709', '5695976056', 'cwaddoups3x@over-blog.com', 'Charmain', '1159086684', 1, 'latanoprost', 1, 'Wehner-Koch', 2, 1, 'Luettgen LLC', 2, 'Drammen', '2022-09-01', 1, 1, 'New Zealand Sign Language', '6426385859', '2022-09-14', 1, 1, 7, 2, '2022-09-07 06:57:55', '2022-09-07 06:57:55'),
(145, 'Rev', 'Kiley', 'Lancashire', 'Indonesia', '748 Sunfield Center', 'Bagu', NULL, '2391994667', '4869737943', 'dlancashire3y@fema.gov', 'Desiree', '3833490842', 2, 'sulfacetamide sodium', 1, 'Krajcik, Hudson and Blanda', 2, 2, 'Krajcik Group', 1, 'San Calixto', '2022-09-01', 1, 2, 'Arabic', '2278727001', '2022-09-14', 2, 2, 7, 2, '2022-09-07 06:57:55', '2022-09-07 06:57:55'),
(146, 'Honorable', 'Lelah', 'Serrurier', 'China', '664 Monument Alley', 'Shifan', NULL, '2381745850', '2695996015', 'sserrurier3z@wordpress.com', 'Shaine', '4008021150', 2, 'Titanium Dioxide', 2, 'Jaskolski-Kassulke', 2, 1, 'Kulas, Bernier and Ratke', 2, 'Budapest', '2022-09-01', 2, 2, 'Kyrgyz', '0013157663', '2022-09-14', 2, 1, 7, 2, '2022-09-07 06:57:55', '2022-09-07 06:57:55'),
(147, 'Ms', 'Aaron', 'Kimmons', 'North Korea', '2 Duke Hill', 'Anak', NULL, '4366080179', '4054085577', 'gkimmons40@amazon.de', 'Gill', '9548933017', 2, 'MethylTESTOSTERone', 2, 'Spinka, Schultz and Kris', 1, 2, 'Brown-Labadie', 2, 'Olhos de Água', '2022-09-01', 2, 2, 'Montenegrin', '3592049461', '2022-09-14', 2, 1, 7, 2, '2022-09-07 06:57:55', '2022-09-07 06:57:55'),
(148, 'Rev', 'Sallie', 'Johananov', 'Brazil', '36952 Thierer Drive', 'Capim Grosso', '44695-000', '6513144534', '4785667988', 'rjohananov41@exblog.jp', 'Rubetta', '7956364843', 1, 'Simethicone', 2, 'Wintheiser, Collins and Schultz', 2, 1, 'Ward, Kihn and Kreiger', 2, 'Darungan', '2022-09-01', 1, 2, 'Luxembourgish', '2801748471', '2022-09-14', 1, 2, 7, 2, '2022-09-07 06:57:55', '2022-09-07 06:57:55'),
(149, 'Mr', 'Kale', 'Betho', 'Philippines', '3490 Northwestern Lane', 'Malilipot', '4510', '7552014050', '9965916522', 'sbetho42@zdnet.com', 'Stephan', '6032871181', 2, 'Sevoflurane', 1, 'Botsford-Kulas', 2, 1, 'Orn, Bins and Runolfsdottir', 2, 'Saint-Louis', '2022-09-01', 2, 2, 'Khmer', '7642230400', '2022-09-14', 2, 1, 7, 2, '2022-09-07 06:57:55', '2022-09-07 06:57:55'),
(150, 'Rev', 'Nickolaus', 'Jinda', 'Peru', '354 Daystar Pass', 'Otuzco', NULL, '5548114555', '7434348367', 'cjinda43@google.com', 'Conan', '7095551801', 2, 'AVOBENZONE, OCTINOXATE, OCTISALATE, OXYBENZONE', 2, 'Glover-Raynor', 2, 2, 'Wunsch-Terry', 1, 'Clisson', '2022-09-01', 2, 1, 'Korean', '9136711888', '2022-09-14', 1, 1, 8, 1, '2022-09-07 06:57:55', '2022-09-07 06:57:55'),
(151, 'Honorable', 'Maxie', 'Sarra', 'Sweden', '094 New Castle Circle', 'Östersund', '831 76', '2537680871', '4875515706', 'psarra44@blogger.com', 'Paddie', '1084816249', 1, 'Ziprasidone Hydrochloride', 2, 'O\'Kon-Batz', 1, 1, 'Pouros and Sons', 1, 'Qo‘qon', '2022-09-01', 1, 2, 'Malagasy', '0450627837', '2022-09-14', 2, 2, 8, 1, '2022-09-07 06:57:55', '2022-09-07 06:57:55'),
(152, 'Honorable', 'Cyndy', 'Shermar', 'Guatemala', '16024 Linden Way', 'San Juan Ermita', '20003', '2592746698', '2927513020', 'ashermar45@sciencedaily.com', 'Almira', '6885907580', 1, 'Bismuth Subsalicylate', 2, 'Grimes, Schulist and Baumbach', 2, 2, 'Luettgen, Shanahan and Effertz', 2, 'Shin’ichi', '2022-09-01', 2, 1, 'Malayalam', '9237047371', '2022-09-14', 2, 1, 8, 1, '2022-09-07 06:57:55', '2022-09-07 06:57:55'),
(153, 'Honorable', 'Odo', 'Braidley', 'Azerbaijan', '5130 Miller Center', 'Qobu', NULL, '8701956618', '1248988364', 'mbraidley46@dyndns.org', 'Mary', '1336829946', 1, 'Bisacodyl', 2, 'Barrows-Botsford', 1, 1, 'Nolan Inc', 2, 'Monte Alegre', '2022-09-01', 2, 1, 'Tamil', '9003675619', '2022-09-14', 1, 2, 8, 1, '2022-09-07 06:57:55', '2022-09-07 06:57:55'),
(154, 'Mrs', 'Guillaume', 'Welford', 'China', '561 Hoard Parkway', 'Baiheshan', NULL, '7908513831', '8196952887', 'twelford47@rambler.ru', 'Thom', '1005809727', 2, 'Lifting Firming Day Cream', 2, 'Wintheiser-Williamson', 1, 2, 'Mraz, Conroy and Howell', 1, 'Gómfoi', '2022-09-01', 2, 2, 'Estonian', '4410921207', '2022-09-14', 1, 2, 8, 1, '2022-09-07 06:57:55', '2022-09-07 06:57:55'),
(155, 'Mr', 'Lamar', 'Ramm', 'China', '74271 Upham Court', 'Gongming', NULL, '5429836949', '6837315825', 'cramm48@telegraph.co.uk', 'Corbie', '4259991431', 1, 'Furosemide', 1, 'Pollich-Johnson', 1, 2, 'Balistreri-Gaylord', 2, 'Chigan', '2022-09-01', 1, 1, 'Kurdish', '0777428059', '2022-09-14', 2, 1, 8, 1, '2022-09-07 06:57:55', '2022-09-07 06:57:55'),
(156, 'Honorable', 'Padraig', 'Vaughan', 'Indonesia', '3 Canary Alley', 'Manggekompo', NULL, '8275736186', '7319502614', 'pvaughan49@slashdot.org', 'Phyllis', '3018433501', 1, 'Diphenhydramine Hydrochloride', 1, 'Emard Group', 1, 2, 'Nitzsche Group', 1, 'Nizhniy Ufaley', '2022-09-01', 1, 1, 'Hindi', '7059185992', '2022-09-14', 1, 2, 8, 1, '2022-09-07 06:57:55', '2022-09-07 06:57:55'),
(157, 'Mrs', 'Grantley', 'Daveren', 'United Kingdom', '78 Corry Circle', 'Eaton', 'DN22', '7296890274', '1784753994', 'pdaveren4a@sohu.com', 'Panchito', '1538285966', 2, 'ACONITUM NAPELLUS and EUCALYPTUS GLOBULUS LEAF and IPECAC', 1, 'Skiles-Corkery', 1, 1, 'Collier-Schmeler', 1, 'Birobidzhan', '2022-09-01', 2, 1, 'Somali', '8046841609', '2022-09-14', 1, 2, 8, 1, '2022-09-07 06:57:55', '2022-09-07 06:57:55'),
(158, 'Honorable', 'Nappy', 'Devonish', 'China', '6178 Bashford Hill', 'Baima', NULL, '9467697012', '1998393340', 'kdevonish4b@cafepress.com', 'Kameko', '7587930247', 1, 'Homosalate, Octinoxate, Oxybenzone, Avobenzone', 1, 'Crist, Nienow and Wintheiser', 2, 1, 'Walsh, Schmeler and Koch', 1, 'Kota Kinabalu', '2022-09-01', 2, 1, 'Irish Gaelic', '0132655748', '2022-09-14', 1, 2, 8, 1, '2022-09-07 06:57:55', '2022-09-07 06:57:55'),
(159, 'Ms', 'Hort', 'Lillywhite', 'United States', '9 Bunker Hill Point', 'New Orleans', '70174', '5043750133', '4146304269', 'elillywhite4c@creativecommons.org', 'Ema', '7919046705', 2, 'Simvastatin', 1, 'Larson and Sons', 1, 1, 'Kub, Howe and Considine', 1, 'Dongshan', '2022-09-01', 1, 2, 'Nepali', '5913022548', '2022-09-14', 2, 2, 8, 1, '2022-09-07 06:57:55', '2022-09-07 06:57:55'),
(160, 'Mrs', 'Marilyn', 'Crocumbe', 'Russia', '2 Acker Court', 'Starotitarovskaya', '353530', '6832207472', '4101045711', 'rcrocumbe4d@wiley.com', 'Rhett', '9226315036', 1, 'Meclizine HCl', 1, 'Stark-Kautzer', 2, 1, 'Murazik and Sons', 2, 'Cicuco', '2022-09-01', 1, 1, 'Swahili', '0965678873', '2022-09-14', 1, 2, 8, 1, '2022-09-07 06:57:55', '2022-09-07 06:57:55'),
(161, 'Rev', 'Porter', 'Duffett', 'Indonesia', '57098 Union Trail', 'Mangulewa', NULL, '9505317221', '1559790193', 'rduffett4e@prnewswire.com', 'Ronnica', '4084377193', 1, 'Sambucus Larix', 2, 'Marvin-White', 1, 2, 'Ritchie, Kutch and Skiles', 2, 'Mlandizi', '2022-09-01', 2, 1, 'Northern Sotho', '1716862566', '2022-09-14', 1, 2, 8, 1, '2022-09-07 06:57:55', '2022-09-07 06:57:55'),
(162, 'Ms', 'Stanleigh', 'Hammerton', 'Mongolia', '81718 Elgar Alley', 'Hödrögö', NULL, '6626462026', '2668420531', 'shammerton4f@google.ru', 'Stacee', '2541629929', 2, 'Tramadol Hydrochloride Tablets', 1, 'Jacobs Inc', 2, 2, 'Harber-Dibbert', 2, 'Cabinda', '2022-09-01', 1, 1, 'Māori', '5435252792', '2022-09-14', 2, 1, 8, 1, '2022-09-07 06:57:55', '2022-09-07 06:57:55'),
(163, 'Mrs', 'Odille', 'Dahle', 'Egypt', '3255 Pearson Lane', 'Al Ḩawāmidīyah', NULL, '8109203782', '3952103296', 'gdahle4g@google.co.uk', 'Gabey', '6142056093', 1, 'NICOTINE', 2, 'Wolf-Lang', 1, 1, 'Schuster-Heidenreich', 2, 'Zhuxi', '2022-09-01', 1, 2, 'Bulgarian', '9222868080', '2022-09-14', 2, 2, 8, 1, '2022-09-07 06:57:55', '2022-09-07 06:57:55'),
(164, 'Mr', 'Katey', 'Roobottom', 'Thailand', '24 Scoville Point', 'Dok Kham Tai', '56120', '4079176827', '9743316543', 'croobottom4h@printfriendly.com', 'Chancey', '2152330554', 1, 'Citalopram Hydrobromide', 1, 'Veum, Wunsch and Cummings', 2, 2, 'Ledner-Haley', 1, 'Jatake', '2022-09-01', 1, 2, 'Thai', '7364999078', '2022-09-14', 2, 2, 8, 1, '2022-09-07 06:57:55', '2022-09-07 06:57:55'),
(165, 'Ms', 'Devlin', 'Peyes', 'China', '7 Texas Way', 'Songjiang', NULL, '4978136899', '4902134515', 'gpeyes4i@nih.gov', 'Grady', '2088473987', 2, 'Benazepril Hydrochloride and Hydrochlorothiazide', 2, 'Skiles-Bosco', 2, 1, 'Hessel and Sons', 1, 'Andrushivka', '2022-09-01', 1, 2, 'Norwegian', '5971927159', '2022-09-14', 2, 1, 8, 1, '2022-09-07 06:57:55', '2022-09-07 06:57:55'),
(166, 'Ms', 'Solomon', 'Merchant', 'United States', '2627 Blackbird Point', 'Buffalo', '14276', '7167061966', '9676302689', 'cmerchant4j@facebook.com', 'Clair', '7282007288', 1, 'HYDROQUINONE', 2, 'Kassulke-Runolfsdottir', 1, 2, 'Pacocha-VonRueden', 1, 'Lampuyang', '2022-09-01', 1, 2, 'West Frisian', '8753838033', '2022-09-14', 1, 2, 8, 1, '2022-09-07 06:57:55', '2022-09-07 06:57:55'),
(167, 'Ms', 'Delinda', 'Reavell', 'Peru', '2 Arkansas Drive', 'El Tambo', NULL, '9763706058', '2821552834', 'breavell4k@odnoklassniki.ru', 'Barbe', '2373746388', 2, 'Titanium Dioxide', 1, 'Stehr, Fay and Windler', 2, 1, 'Leannon-Grimes', 1, 'Negreiros', '2022-09-01', 2, 2, 'Italian', '3591840645', '2022-09-14', 1, 2, 8, 1, '2022-09-07 06:57:55', '2022-09-07 06:57:55'),
(168, 'Honorable', 'Marty', 'Cotesford', 'Palestinian Territory', '8178 Johnson Point', 'Birqīn', NULL, '4236531234', '9396636926', 'bcotesford4l@github.io', 'Brita', '1171672956', 2, 'Iodixanol', 2, 'Von Group', 2, 2, 'Heller, Bogan and Cummerata', 2, 'Challhuahuacho', '2022-09-01', 1, 1, 'Greek', '9723327600', '2022-09-14', 2, 1, 8, 1, '2022-09-07 06:57:55', '2022-09-07 06:57:55'),
(169, 'Dr', 'Caresa', 'Horley', 'Panama', '9 Swallow Park', 'Capellanía', NULL, '2787221881', '6556888729', 'ahorley4m@ucoz.ru', 'Ardith', '8656291275', 2, 'Captopril', 1, 'Blanda-Ullrich', 2, 1, 'Zulauf LLC', 1, 'Tuochuan', '2022-09-01', 2, 1, 'Armenian', '1743041772', '2022-09-14', 1, 1, 8, 1, '2022-09-07 06:57:55', '2022-09-07 06:57:55'),
(170, 'Ms', 'Launce', 'Franklyn', 'Philippines', '5864 Knutson Crossing', 'Mercedes', '6808', '5155410930', '8237346572', 'ffranklyn4n@pagesperso-orange.fr', 'Francesco', '9506607391', 1, 'Baclofen', 2, 'Walker-Klein', 2, 2, 'Daniel, Thompson and Sporer', 1, 'Delgado', '2022-09-01', 1, 2, 'Moldovan', '8498527643', '2022-09-14', 1, 1, 8, 1, '2022-09-07 06:57:55', '2022-09-07 06:57:55'),
(171, 'Mrs', 'Ermina', 'Fehner', 'Indonesia', '79 Sunbrook Alley', 'Oeri’u', NULL, '1073319765', '8245362152', 'ifehner4o@spotify.com', 'Ina', '2214295039', 1, 'Tizanidine', 1, 'Hauck and Sons', 1, 2, 'Reinger-Botsford', 2, 'Caohe', '2022-09-01', 1, 1, 'Tamil', '8767422675', '2022-09-14', 1, 1, 9, 1, '2022-09-07 06:57:55', '2022-09-07 06:57:55'),
(172, 'Dr', 'Germana', 'Varfolomeev', 'China', '040 Mitchell Junction', 'Nantou', NULL, '6494089904', '8044181212', 'zvarfolomeev4p@businesswire.com', 'Zane', '4967438056', 2, 'Diltiazem Hydrochloride', 2, 'Prosacco-Grant', 2, 2, 'Turcotte Group', 2, 'Plužine', '2022-09-01', 2, 1, 'German', '9804718278', '2022-09-14', 2, 1, 9, 1, '2022-09-07 06:57:55', '2022-09-07 06:57:55'),
(173, 'Mr', 'Quinta', 'Durak', 'Brazil', '17 Dryden Hill', 'Barreirinhas', '65590-000', '2713874142', '5576455638', 'mdurak4q@illinois.edu', 'Maribelle', '4456955383', 1, 'Salicylic Acid', 1, 'Lubowitz, Senger and Schaden', 2, 1, 'Bode LLC', 2, 'Leon Postigo', '2022-09-01', 2, 1, 'Zulu', '1656745054', '2022-09-14', 2, 1, 9, 1, '2022-09-07 06:57:55', '2022-09-07 06:57:55'),
(174, 'Dr', 'Shandeigh', 'Moxted', 'China', '5 Hooker Center', 'Zhaizigou', NULL, '5275288185', '9203739608', 'bmoxted4r@state.tx.us', 'Bennie', '9925347260', 1, 'Influenzinum, Antimon. tart., Arsenicum alb., Bryonia, Chelidonium majus, Cinchona, Drosera, Eucalyptus, Histaminum hydrochloricum, Hydrastis, Kali bic., Kali carb., Kali iod., Myrrha, Nat. sulphuricum, Nux vom., Phosphorus, Pulsatilla, Rumex crisp., Samb', 1, 'Graham, Christiansen and Corkery', 1, 2, 'Feil, Wiegand and Abernathy', 2, 'Calumpit', '2022-09-01', 2, 2, 'Punjabi', '8632515993', '2022-09-14', 2, 1, 9, 1, '2022-09-07 06:57:55', '2022-09-07 06:57:55'),
(175, 'Honorable', 'Jourdain', 'Butterick', 'Russia', '31818 Kim Center', 'Roshal’', '140732', '8248511618', '1541649033', 'hbutterick4s@imgur.com', 'Hannah', '6067348288', 2, 'Zinc Oxide', 2, 'Bode and Sons', 2, 2, 'Emard Group', 1, 'Huasta', '2022-09-01', 2, 2, 'Dzongkha', '4435062909', '2022-09-14', 2, 1, 9, 1, '2022-09-07 06:57:55', '2022-09-07 06:57:55'),
(176, 'Ms', 'Skipton', 'Antecki', 'Portugal', '376 Porter Point', 'Sever do Vouga', '3740-251', '9155215439', '8066920092', 'mantecki4t@baidu.com', 'Myrvyn', '2548247827', 1, 'Digoxin', 1, 'Heaney-Reilly', 2, 2, 'Volkman and Sons', 1, 'Amarillo', '2022-09-01', 1, 2, 'Hindi', '5748238381', '2022-09-14', 2, 1, 9, 1, '2022-09-07 06:57:55', '2022-09-07 06:57:55'),
(177, 'Honorable', 'Kissiah', 'Bruhnsen', 'Mauritius', '8489 Main Court', 'Grande Rivière Noire', NULL, '1191526272', '1668442129', 'dbruhnsen4u@github.io', 'Dorothy', '7328779298', 2, 'potassium chloride', 1, 'Powlowski-Quitzon', 2, 2, 'Morar LLC', 1, 'Tha Muang', '2022-09-01', 2, 1, 'Hindi', '5008599143', '2022-09-14', 1, 1, 9, 1, '2022-09-07 06:57:55', '2022-09-07 06:57:55'),
(178, 'Honorable', 'Cherianne', 'Bris', 'Philippines', '83 Becker Circle', 'Bukal Sur', '4323', '6117666769', '8677036120', 'lbris4v@tumblr.com', 'Lyndell', '2014088622', 1, 'Tobramycin', 1, 'Hayes-Farrell', 2, 2, 'Glover, DuBuque and Sawayn', 2, 'Beberon', '2022-09-01', 1, 1, 'Chinese', '8848781500', '2022-09-14', 1, 1, 9, 1, '2022-09-07 06:57:55', '2022-09-07 06:57:55'),
(179, 'Dr', 'Marnia', 'Doggerell', 'Ghana', '34359 Dapin Lane', 'Swedru', NULL, '8976474756', '5054241630', 'hdoggerell4w@technorati.com', 'Harlene', '4204845232', 1, 'Oxygen', 1, 'Altenwerth, Schimmel and Abernathy', 1, 1, 'Kshlerin Group', 2, 'Al Miqdādīyah', '2022-09-01', 2, 2, 'Marathi', '6370366994', '2022-09-14', 1, 1, 9, 1, '2022-09-07 06:57:55', '2022-09-07 06:57:55'),
(180, 'Dr', 'Modesty', 'Litt', 'Finland', '5818 Sycamore Lane', 'Köyliö', '27860', '9962266318', '8247280443', 'tlitt4x@wordpress.org', 'Thane', '3766702874', 2, 'Octinoxate and Avobenzone', 2, 'Beatty, Hackett and Veum', 1, 2, 'Bashirian LLC', 2, 'Telpaneca', '2022-09-01', 1, 2, 'Tamil', '9071159361', '2022-09-14', 1, 2, 9, 1, '2022-09-07 06:57:55', '2022-09-07 06:57:55'),
(181, 'Mr', 'Dex', 'Walkling', 'Albania', '88201 Milwaukee Court', 'Kurbnesh', NULL, '4885686457', '2296995471', 'lwalkling4y@msu.edu', 'Linette', '5274927093', 1, 'Octinoxate, Titanium Dioxide', 2, 'Rosenbaum, O\'Keefe and Hodkiewicz', 1, 2, 'Hodkiewicz-Schroeder', 2, 'Bileća', '2022-09-01', 2, 1, 'Moldovan', '9089920390', '2022-09-14', 1, 1, 9, 1, '2022-09-07 06:57:55', '2022-09-07 06:57:55'),
(182, 'Honorable', 'Randie', 'Steiner', 'China', '21647 Hollow Ridge Point', 'Nanyang', NULL, '4286245578', '3425225107', 'fsteiner4z@flavors.me', 'Finn', '8779911358', 1, 'American Elm', 1, 'Pfeffer-Wiza', 2, 1, 'Little, Boehm and Davis', 1, 'Iba', '2022-09-01', 1, 1, 'Haitian Creole', '9802110728', '2022-09-14', 1, 2, 9, 1, '2022-09-07 06:57:55', '2022-09-07 06:57:55'),
(183, 'Honorable', 'Bayard', 'Whyatt', 'Sweden', '60 Caliangt Circle', 'Arboga', '732 24', '5429719399', '5644371474', 'pwhyatt50@freewebs.com', 'Paddy', '2018340451', 2, 'Triclosan', 1, 'Erdman LLC', 1, 2, 'Collier Group', 1, 'Blainville', '2022-09-01', 1, 1, 'Finnish', '6057574435', '2022-09-14', 1, 2, 9, 1, '2022-09-07 06:57:55', '2022-09-07 06:57:55'),
(184, 'Mrs', 'Humfrey', 'Ducham', 'Philippines', '4149 Johnson Lane', 'Bukal', '8420', '4298113026', '8327781889', 'tducham51@wikipedia.org', 'Tina', '9472943857', 1, 'Calcium Antacid', 1, 'Kessler, Raynor and Okuneva', 2, 2, 'Robel, Torp and Nader', 1, 'Kamnica', '2022-09-01', 1, 1, 'West Frisian', '3905069490', '2022-09-14', 2, 1, 9, 1, '2022-09-07 06:57:55', '2022-09-07 06:57:55'),
(185, 'Honorable', 'Shannah', 'Luddy', 'Ukraine', '8307 Truax Trail', 'Berezanka', NULL, '9788733287', '4678378093', 'bluddy52@ed.gov', 'Bobby', '9379561620', 2, 'CALENDULA OFFICINALIS FLOWERING TOP, GERANIUM MACULATUM ROOT, HYPERICUM PERFORATUM, and SILICON DIOXIDE', 2, 'Goyette LLC', 1, 1, 'Turcotte, Breitenberg and Abbott', 1, 'Sindanghayu', '2022-09-01', 2, 2, 'Albanian', '7596624731', '2022-09-14', 2, 1, 9, 1, '2022-09-07 06:57:55', '2022-09-07 06:57:55'),
(186, 'Mr', 'Bernelle', 'Ivushkin', 'Portugal', '297 Milwaukee Court', 'Santarém', '2000-014', '7081602423', '8106094846', 'livushkin53@noaa.gov', 'La verne', '6859583696', 2, 'ATAZANAVIR', 1, 'Breitenberg, Spencer and Will', 1, 2, 'Goodwin-Kling', 1, 'Yanwang', '2022-09-01', 1, 1, 'Greek', '4534148143', '2022-09-14', 1, 2, 9, 1, '2022-09-07 06:57:55', '2022-09-07 06:57:55'),
(187, 'Mrs', 'Brig', 'Milliere', 'United States', '915 Stone Corner Crossing', 'Atlanta', '30323', '7708605902', '5083781368', 'lmilliere54@hexun.com', 'Laure', '3311063442', 2, 'TRIAMTERENE, HYDROCHLOROTHIAZIDE', 1, 'Gottlieb Inc', 1, 2, 'Keebler, Raynor and Miller', 2, 'Pigcawayan', '2022-09-01', 2, 2, 'Chinese', '5096103749', '2022-09-14', 2, 2, 9, 1, '2022-09-07 06:57:55', '2022-09-07 06:57:55'),
(188, 'Dr', 'Anet', 'Kinch', 'Indonesia', '962 Marcy Lane', 'Kadupayung', NULL, '9937316130', '9333369927', 'ekinch55@skype.com', 'Erich', '2788206459', 1, 'eszopiclone', 2, 'Lubowitz LLC', 1, 2, 'Halvorson and Sons', 1, 'Xingou', '2022-09-01', 2, 1, 'Dzongkha', '9710561790', '2022-09-14', 1, 2, 9, 1, '2022-09-07 06:57:55', '2022-09-07 06:57:55'),
(189, 'Dr', 'Karleen', 'Oppie', 'China', '47982 Manley Terrace', 'Maoqitun', NULL, '7786213057', '1885338076', 'eoppie56@acquirethisname.com', 'Enrico', '9231998611', 2, 'ENALAPRIL MALEATE', 2, 'Breitenberg, Champlin and Walter', 1, 2, 'Aufderhar-Schumm', 2, 'Mehmand Chak', '2022-09-01', 2, 1, 'Somali', '2580910794', '2022-09-14', 2, 2, 9, 1, '2022-09-07 06:57:55', '2022-09-07 06:57:55'),
(190, 'Dr', 'Adelaide', 'Edmand', 'Mongolia', '4114 Kipling Hill', 'Öldziyt', NULL, '4758368619', '9064306807', 'medmand57@gnu.org', 'Marta', '6782330445', 1, 'Prednisone', 2, 'Boyer-Smith', 2, 2, 'Schroeder-Lemke', 1, 'Chor', '2022-09-01', 1, 1, 'Maltese', '7367851705', '2022-09-14', 1, 2, 9, 1, '2022-09-07 06:57:55', '2022-09-07 06:57:55'),
(191, 'Honorable', 'Prissie', 'Broome', 'Indonesia', '445 Declaration Hill', 'Warungtanjung', NULL, '4321669692', '3557024644', 'rbroome58@wunderground.com', 'Reginald', '9691427173', 1, 'Mycophenolate Mofetil', 2, 'Williamson-Kemmer', 1, 1, 'King Group', 1, 'Prilep', '2022-09-01', 2, 1, 'Tamil', '9049368913', '2022-09-14', 2, 2, 9, 1, '2022-09-07 06:57:55', '2022-09-07 06:57:55'),
(192, 'Honorable', 'Neddie', 'Stranahan', 'Finland', '76 Warbler Hill', 'Muurla', '25130', '2486719092', '3772716110', 'lstranahan59@marketwatch.com', 'Lorrin', '5989990001', 2, 'Caffeine Citrate', 2, 'Rau, Terry and Spencer', 2, 2, 'Rolfson, Ullrich and Spinka', 2, 'Sigou', '2022-09-01', 2, 1, 'Sotho', '0092689493', '2022-09-14', 1, 2, 9, 1, '2022-09-07 06:57:55', '2022-09-07 06:57:55'),
(193, 'Mr', 'Willabella', 'Cettell', 'Peru', '60549 Orin Alley', 'Chaupimarca', NULL, '5006609557', '3463877435', 'ccettell5a@google.co.jp', 'Claudian', '6378196611', 2, 'Aluminum Zirconium Tetrachlorohydrex Gly', 1, 'Heaney, Collins and Hahn', 2, 1, 'Mann, Conroy and Wiza', 2, 'Shengli', '2022-09-01', 1, 1, 'Dari', '0181972387', '2022-09-14', 2, 1, 9, 1, '2022-09-07 06:57:55', '2022-09-07 06:57:55'),
(194, 'Rev', 'Johnath', 'Torry', 'Costa Rica', '06 Milwaukee Pass', 'Paraíso', '30201', '4146684344', '8985709371', 'itorry5b@accuweather.com', 'Ivar', '4938507398', 1, 'Nitrofurantoin (monohydrate/macrocrystals)', 1, 'Corkery LLC', 2, 1, 'Mann-Reinger', 2, 'Jiguan', '2022-09-01', 2, 2, 'Fijian', '7022299161', '2022-09-14', 1, 1, 9, 1, '2022-09-07 06:57:55', '2022-09-07 06:57:55'),
(195, 'Dr', 'Nicky', 'Balharrie', 'China', '48032 Kingsford Alley', 'Qinghe', NULL, '5995782029', '4784758830', 'mbalharrie5c@diigo.com', 'Morgen', '3036085237', 2, 'Acetaminophen, Diphenhydramine HCl and Phenylephrine HCl', 2, 'Treutel-McCullough', 1, 2, 'Walker, Waters and Satterfield', 2, 'Bourges', '2022-09-01', 2, 1, 'Macedonian', '8268001631', '2022-09-14', 1, 1, 9, 1, '2022-09-07 06:57:55', '2022-09-07 06:57:55'),
(196, 'Mrs', 'Saundra', 'Cuming', 'China', '2 Dayton Point', 'Shuibian', NULL, '8878812917', '5448172581', 'rcuming5d@deliciousdays.com', 'Reginald', '1817080024', 1, 'Spironolactone', 2, 'Maggio and Sons', 2, 1, 'Botsford-Hirthe', 1, 'Simunul', '2022-09-01', 1, 1, 'Haitian Creole', '0058036180', '2022-09-14', 2, 1, 9, 1, '2022-09-07 06:57:55', '2022-09-07 06:57:55'),
(197, 'Mrs', 'Wandis', 'Critch', 'Indonesia', '62 Haas Terrace', 'Lowayu', NULL, '2497070824', '7315196048', 'mcritch5e@aboutads.info', 'Megen', '7192169962', 2, 'epoetin alfa', 2, 'Fay-Thiel', 2, 1, 'Hegmann Group', 2, 'Makrychóri', '2022-09-01', 1, 2, 'Thai', '3383111296', '2022-09-14', 2, 2, 9, 1, '2022-09-07 06:57:55', '2022-09-07 06:57:55'),
(198, 'Mr', 'Elmore', 'Blues', 'Mexico', '97 Annamark Pass', 'La Palma', '42082', '6003219479', '4453524458', 'sblues5f@washington.edu', 'Stephie', '6496150403', 2, 'nebivolol hydrochloride', 1, 'Ebert LLC', 1, 2, 'Glover and Sons', 2, 'Banjarkemuning', '2022-09-01', 1, 1, 'Icelandic', '0083308113', '2022-09-14', 2, 2, 9, 1, '2022-09-07 06:57:55', '2022-09-07 06:57:55'),
(199, 'Ms', 'Janaya', 'Hayland', 'Indonesia', '2916 Dapin Place', 'Cangkeuteuk Sabrang', NULL, '8497527967', '5555539665', 'rhayland5g@jalbum.net', 'Reeba', '9802041925', 2, 'Methyl Salicylate', 2, 'Effertz, Ortiz and Stehr', 2, 2, 'Bosco-Waelchi', 1, 'Karangora', '2022-09-01', 1, 1, 'Somali', '0445686189', '2022-09-14', 1, 1, 9, 1, '2022-09-07 06:57:55', '2022-09-07 06:57:55'),
(200, 'Mrs', 'Man', 'Antognetti', 'China', '7088 Havey Terrace', 'Wulan Haye', NULL, '6167399554', '4932384228', 'santognetti5h@qq.com', 'Sarette', '5204908412', 1, 'ziv-aflibercept', 1, 'Larson, Parker and Schaefer', 1, 2, 'Hackett and Sons', 2, 'Dumaguete', '2022-09-01', 2, 2, 'Marathi', '3844187243', '2022-09-14', 1, 2, 9, 1, '2022-09-07 06:57:55', '2022-09-07 06:57:55'),
(201, 'Ms', 'Hetty', 'Dunlap', 'Philippines', '0 Bluestem Alley', 'Quinipot', '2505', '6145253183', '3813177664', 'edunlap5i@51.la', 'Elga', '7747692444', 2, 'ALCOHOL', 2, 'Kuhn-Nienow', 1, 2, 'O\'Hara-Lockman', 1, 'Chang’an', '2022-09-01', 2, 1, 'Danish', '2438182539', '2022-09-14', 2, 2, 9, 1, '2022-09-07 06:57:55', '2022-09-07 06:57:55'),
(202, 'Honorable', 'Euell', 'Foulcher', 'Argentina', '69177 Michigan Park', 'Dolavón', '5531', '7244584284', '9949754952', 'lfoulcher5j@w3.org', 'Lew', '7283191403', 1, 'DOBUTAMINE HYDROCHLORIDE', 2, 'Orn Inc', 2, 2, 'Bernier-Kerluke', 2, 'Huayuanli', '2022-09-01', 1, 2, 'Hindi', '9745111511', '2022-09-14', 2, 2, 9, 1, '2022-09-07 06:57:55', '2022-09-07 06:57:55');

-- --------------------------------------------------------

--
-- Table structure for table `volunteer_references`
--

CREATE TABLE `volunteer_references` (
  `id` int(11) NOT NULL,
  `volunteer_id` int(11) DEFAULT NULL,
  `name` varchar(255) DEFAULT NULL,
  `phone` varchar(255) DEFAULT NULL,
  `updated_at` datetime DEFAULT current_timestamp(),
  `created_at` datetime DEFAULT current_timestamp()
) ENGINE=InnoDB DEFAULT CHARSET=utf8mb4;

--
-- Dumping data for table `volunteer_references`
--

INSERT INTO `volunteer_references` (`id`, `volunteer_id`, `name`, `phone`, `updated_at`, `created_at`) VALUES
(6, 3, 'Annetta', '1647782044', '0000-00-00 00:00:00', '0000-00-00 00:00:00'),
(7, 4, 'Clemente', '3589213345', '0000-00-00 00:00:00', '0000-00-00 00:00:00'),
(8, 5, 'Vassily', '6442728092', '0000-00-00 00:00:00', '0000-00-00 00:00:00'),
(9, 6, 'Candace', '3145030479', '0000-00-00 00:00:00', '0000-00-00 00:00:00'),
(10, 7, 'Leanora', '9065697267', '0000-00-00 00:00:00', '0000-00-00 00:00:00'),
(11, 8, 'Sonny', '3811285440', '0000-00-00 00:00:00', '0000-00-00 00:00:00'),
(12, 9, 'Vladamir', '3192754463', '0000-00-00 00:00:00', '0000-00-00 00:00:00'),
(13, 10, 'Nessie', '1024071513', '0000-00-00 00:00:00', '0000-00-00 00:00:00'),
(14, 11, 'Findlay', '5178317004', '0000-00-00 00:00:00', '0000-00-00 00:00:00'),
(15, 12, 'Ilyse', '3248129501', '0000-00-00 00:00:00', '0000-00-00 00:00:00'),
(16, 13, 'Barri', '4506975534', '0000-00-00 00:00:00', '0000-00-00 00:00:00'),
(17, 14, 'Celinda', '3917301670', '0000-00-00 00:00:00', '0000-00-00 00:00:00'),
(18, 15, 'Deck', '6405793162', '0000-00-00 00:00:00', '0000-00-00 00:00:00'),
(19, 16, 'Alyson', '8225352657', '0000-00-00 00:00:00', '0000-00-00 00:00:00'),
(20, 17, 'Bram', '3766389062', '0000-00-00 00:00:00', '0000-00-00 00:00:00'),
(21, 18, 'Iolande', '7525792829', '0000-00-00 00:00:00', '0000-00-00 00:00:00'),
(22, 19, 'Henry', '7139397468', '0000-00-00 00:00:00', '0000-00-00 00:00:00'),
(23, 20, 'Forest', '1239977625', '0000-00-00 00:00:00', '0000-00-00 00:00:00'),
(24, 21, 'Lucius', '7796726368', '0000-00-00 00:00:00', '0000-00-00 00:00:00'),
(25, 22, 'Saul', '1471996183', '0000-00-00 00:00:00', '0000-00-00 00:00:00'),
(26, 23, 'Bill', '3006247482', '0000-00-00 00:00:00', '0000-00-00 00:00:00'),
(27, 24, 'Christophorus', '6469113198', '0000-00-00 00:00:00', '0000-00-00 00:00:00'),
(28, 25, 'Danny', '2874592103', '0000-00-00 00:00:00', '0000-00-00 00:00:00'),
(29, 26, 'Livvy', '1236639854', '0000-00-00 00:00:00', '0000-00-00 00:00:00'),
(30, 27, 'Sallyanne', '7621783305', '0000-00-00 00:00:00', '0000-00-00 00:00:00'),
(31, 28, 'Raina', '7596585379', '0000-00-00 00:00:00', '0000-00-00 00:00:00'),
(32, 29, 'Bron', '5938290089', '0000-00-00 00:00:00', '0000-00-00 00:00:00'),
(33, 30, 'Aaren', '8752086429', '0000-00-00 00:00:00', '0000-00-00 00:00:00'),
(34, 31, 'Charley', '2444416645', '0000-00-00 00:00:00', '0000-00-00 00:00:00'),
(35, 32, 'Anatola', '9995841702', '0000-00-00 00:00:00', '0000-00-00 00:00:00'),
(36, 33, 'Mallory', '8391939424', '0000-00-00 00:00:00', '0000-00-00 00:00:00'),
(37, 34, 'Charita', '5812628164', '0000-00-00 00:00:00', '0000-00-00 00:00:00'),
(38, 35, 'Kacey', '9859355546', '0000-00-00 00:00:00', '0000-00-00 00:00:00'),
(39, 36, 'Jeffy', '8974554824', '0000-00-00 00:00:00', '0000-00-00 00:00:00'),
(40, 37, 'Annadiane', '1669756608', '0000-00-00 00:00:00', '0000-00-00 00:00:00'),
(41, 38, 'Sigismundo', '8293501764', '0000-00-00 00:00:00', '0000-00-00 00:00:00'),
(42, 39, 'Gaile', '1422435806', '0000-00-00 00:00:00', '0000-00-00 00:00:00'),
(43, 40, 'Shana', '2328298394', '0000-00-00 00:00:00', '0000-00-00 00:00:00'),
(44, 41, 'Amye', '8895122108', '0000-00-00 00:00:00', '0000-00-00 00:00:00'),
(45, 42, 'Maryrose', '9799547754', '0000-00-00 00:00:00', '0000-00-00 00:00:00'),
(46, 43, 'Jacenta', '6297863634', '0000-00-00 00:00:00', '0000-00-00 00:00:00'),
(47, 44, 'Brittney', '1119738810', '0000-00-00 00:00:00', '0000-00-00 00:00:00'),
(48, 45, 'Bat', '7422163638', '0000-00-00 00:00:00', '0000-00-00 00:00:00'),
(49, 46, 'Horst', '5368300499', '0000-00-00 00:00:00', '0000-00-00 00:00:00'),
(50, 47, 'Onofredo', '2374392739', '0000-00-00 00:00:00', '0000-00-00 00:00:00'),
(51, 48, 'Bryant', '1142989770', '0000-00-00 00:00:00', '0000-00-00 00:00:00'),
(52, 49, 'Norrie', '5657474448', '0000-00-00 00:00:00', '0000-00-00 00:00:00'),
(53, 50, 'Jaclin', '2708050943', '0000-00-00 00:00:00', '0000-00-00 00:00:00'),
(54, 51, 'Tuesday', '8164077103', '0000-00-00 00:00:00', '0000-00-00 00:00:00'),
(55, 52, 'Electra', '7677594378', '0000-00-00 00:00:00', '0000-00-00 00:00:00'),
(56, 53, 'Evania', '8696692155', '0000-00-00 00:00:00', '0000-00-00 00:00:00'),
(57, 54, 'Taber', '7195723331', '0000-00-00 00:00:00', '0000-00-00 00:00:00'),
(58, 55, 'Findlay', '7775853553', '0000-00-00 00:00:00', '0000-00-00 00:00:00'),
(59, 56, 'Chandler', '9905690180', '0000-00-00 00:00:00', '0000-00-00 00:00:00'),
(60, 57, 'Sharla', '5987362319', '0000-00-00 00:00:00', '0000-00-00 00:00:00'),
(61, 58, 'Nerti', '3833706986', '0000-00-00 00:00:00', '0000-00-00 00:00:00'),
(62, 59, 'Abby', '2331771697', '0000-00-00 00:00:00', '0000-00-00 00:00:00'),
(63, 60, 'Karlan', '5898461706', '0000-00-00 00:00:00', '0000-00-00 00:00:00'),
(64, 61, 'Ardra', '4217357110', '0000-00-00 00:00:00', '0000-00-00 00:00:00'),
(65, 62, 'Farah', '6277131742', '0000-00-00 00:00:00', '0000-00-00 00:00:00'),
(66, 63, 'Andy', '1182893932', '0000-00-00 00:00:00', '0000-00-00 00:00:00'),
(67, 64, 'Alejandra', '7488577037', '0000-00-00 00:00:00', '0000-00-00 00:00:00'),
(68, 65, 'Ramsey', '8632791026', '0000-00-00 00:00:00', '0000-00-00 00:00:00'),
(69, 66, 'Kermie', '1379989005', '0000-00-00 00:00:00', '0000-00-00 00:00:00'),
(70, 67, 'Elliot', '1225353830', '0000-00-00 00:00:00', '0000-00-00 00:00:00'),
(71, 68, 'Rozamond', '5764689219', '0000-00-00 00:00:00', '0000-00-00 00:00:00'),
(72, 69, 'Johnna', '2272326571', '0000-00-00 00:00:00', '0000-00-00 00:00:00'),
(73, 70, 'Dalt', '4823329823', '0000-00-00 00:00:00', '0000-00-00 00:00:00'),
(74, 71, 'Rowland', '8412904966', '0000-00-00 00:00:00', '0000-00-00 00:00:00'),
(75, 72, 'Earl', '4973553623', '0000-00-00 00:00:00', '0000-00-00 00:00:00'),
(76, 73, 'Isidore', '1629941019', '0000-00-00 00:00:00', '0000-00-00 00:00:00'),
(77, 74, 'Danica', '6769029080', '0000-00-00 00:00:00', '0000-00-00 00:00:00'),
(78, 75, 'Bendicty', '8423837204', '0000-00-00 00:00:00', '0000-00-00 00:00:00'),
(79, 76, 'Halsy', '8949864424', '0000-00-00 00:00:00', '0000-00-00 00:00:00'),
(80, 77, 'Davin', '7676320630', '0000-00-00 00:00:00', '0000-00-00 00:00:00'),
(81, 78, 'Fraze', '2449132311', '0000-00-00 00:00:00', '0000-00-00 00:00:00'),
(82, 79, 'Ellsworth', '6328130991', '0000-00-00 00:00:00', '0000-00-00 00:00:00'),
(83, 80, 'Alonzo', '4909958868', '0000-00-00 00:00:00', '0000-00-00 00:00:00'),
(84, 81, 'Muffin', '7137589422', '0000-00-00 00:00:00', '0000-00-00 00:00:00'),
(85, 82, 'Rici', '4973540563', '0000-00-00 00:00:00', '0000-00-00 00:00:00'),
(86, 83, 'Cherise', '4528537485', '0000-00-00 00:00:00', '0000-00-00 00:00:00'),
(87, 84, 'Kriste', '4417344362', '0000-00-00 00:00:00', '0000-00-00 00:00:00'),
(88, 85, 'Xylia', '7877709480', '0000-00-00 00:00:00', '0000-00-00 00:00:00'),
(89, 86, 'Saunder', '7598916087', '0000-00-00 00:00:00', '0000-00-00 00:00:00'),
(90, 87, 'Jessee', '7676932412', '0000-00-00 00:00:00', '0000-00-00 00:00:00'),
(91, 88, 'Babbie', '3401645825', '0000-00-00 00:00:00', '0000-00-00 00:00:00'),
(92, 89, 'Hildagard', '1135290634', '0000-00-00 00:00:00', '0000-00-00 00:00:00'),
(93, 90, 'Genevieve', '6384921537', '0000-00-00 00:00:00', '0000-00-00 00:00:00'),
(94, 91, 'Idalina', '4413586494', '0000-00-00 00:00:00', '0000-00-00 00:00:00'),
(95, 92, 'Zachariah', '3842831779', '0000-00-00 00:00:00', '0000-00-00 00:00:00'),
(96, 93, 'Shayna', '5507903879', '0000-00-00 00:00:00', '0000-00-00 00:00:00'),
(97, 94, 'Inez', '3944018406', '0000-00-00 00:00:00', '0000-00-00 00:00:00'),
(98, 95, 'Chelsy', '2734037543', '0000-00-00 00:00:00', '0000-00-00 00:00:00'),
(99, 96, 'Graeme', '9583924600', '0000-00-00 00:00:00', '0000-00-00 00:00:00'),
(100, 97, 'Elisabeth', '6514290662', '0000-00-00 00:00:00', '0000-00-00 00:00:00'),
(101, 98, 'Nolie', '2786144833', '0000-00-00 00:00:00', '0000-00-00 00:00:00'),
(102, 99, 'Charmaine', '4594620093', '0000-00-00 00:00:00', '0000-00-00 00:00:00'),
(103, 100, 'Alain', '1898571912', '0000-00-00 00:00:00', '0000-00-00 00:00:00'),
(104, 101, 'Cacilia', '4746876595', '0000-00-00 00:00:00', '0000-00-00 00:00:00'),
(105, 102, 'Reese', '9952301674', '0000-00-00 00:00:00', '0000-00-00 00:00:00'),
(106, 103, 'Fernande', '3698195555', '0000-00-00 00:00:00', '0000-00-00 00:00:00'),
(107, 104, 'Gillan', '2891450733', '0000-00-00 00:00:00', '0000-00-00 00:00:00'),
(108, 105, 'Matthaeus', '9156817724', '0000-00-00 00:00:00', '0000-00-00 00:00:00'),
(109, 106, 'Deni', '5266626917', '0000-00-00 00:00:00', '0000-00-00 00:00:00'),
(110, 107, 'Zane', '4345322425', '0000-00-00 00:00:00', '0000-00-00 00:00:00'),
(111, 108, 'Germayne', '2817426373', '0000-00-00 00:00:00', '0000-00-00 00:00:00'),
(112, 109, 'Friedrick', '7959986103', '0000-00-00 00:00:00', '0000-00-00 00:00:00'),
(113, 110, 'Jeddy', '4415493997', '0000-00-00 00:00:00', '0000-00-00 00:00:00'),
(114, 111, 'Sonny', '4756612027', '0000-00-00 00:00:00', '0000-00-00 00:00:00'),
(115, 112, 'Marthena', '1605666240', '0000-00-00 00:00:00', '0000-00-00 00:00:00'),
(116, 113, 'Weidar', '4723745128', '0000-00-00 00:00:00', '0000-00-00 00:00:00'),
(117, 114, 'Adiana', '5016825917', '0000-00-00 00:00:00', '0000-00-00 00:00:00'),
(118, 115, 'Beatrisa', '8016213828', '0000-00-00 00:00:00', '0000-00-00 00:00:00'),
(119, 116, 'Roarke', '4397021069', '0000-00-00 00:00:00', '0000-00-00 00:00:00'),
(120, 117, 'Gar', '9957041470', '0000-00-00 00:00:00', '0000-00-00 00:00:00'),
(121, 118, 'Eugenius', '2714550098', '0000-00-00 00:00:00', '0000-00-00 00:00:00'),
(122, 119, 'Barry', '7521790189', '0000-00-00 00:00:00', '0000-00-00 00:00:00'),
(123, 120, 'Pace', '3414009025', '0000-00-00 00:00:00', '0000-00-00 00:00:00'),
(124, 121, 'Terrijo', '3911074409', '0000-00-00 00:00:00', '0000-00-00 00:00:00'),
(125, 122, 'Candi', '9318289453', '0000-00-00 00:00:00', '0000-00-00 00:00:00'),
(126, 123, 'Raleigh', '2182845397', '0000-00-00 00:00:00', '0000-00-00 00:00:00'),
(127, 124, 'Friederike', '1909086619', '0000-00-00 00:00:00', '0000-00-00 00:00:00'),
(128, 125, 'Frasquito', '4149389803', '0000-00-00 00:00:00', '0000-00-00 00:00:00'),
(129, 126, 'Ashly', '2774488017', '0000-00-00 00:00:00', '0000-00-00 00:00:00'),
(130, 127, 'Jeniece', '5215426986', '0000-00-00 00:00:00', '0000-00-00 00:00:00'),
(131, 128, 'Raffarty', '4784003843', '0000-00-00 00:00:00', '0000-00-00 00:00:00'),
(132, 129, 'Jerrylee', '6049929223', '0000-00-00 00:00:00', '0000-00-00 00:00:00'),
(133, 130, 'Estrella', '1371534659', '0000-00-00 00:00:00', '0000-00-00 00:00:00'),
(134, 131, 'Tonnie', '1402006675', '0000-00-00 00:00:00', '0000-00-00 00:00:00'),
(135, 132, 'Marne', '3204653423', '0000-00-00 00:00:00', '0000-00-00 00:00:00'),
(136, 133, 'Margalit', '4656432528', '0000-00-00 00:00:00', '0000-00-00 00:00:00'),
(137, 134, 'Meggy', '8635683692', '0000-00-00 00:00:00', '0000-00-00 00:00:00'),
(138, 135, 'Astra', '5253497465', '0000-00-00 00:00:00', '0000-00-00 00:00:00'),
(139, 136, 'Debora', '6019461106', '0000-00-00 00:00:00', '0000-00-00 00:00:00'),
(140, 137, 'Teddi', '9878653501', '0000-00-00 00:00:00', '0000-00-00 00:00:00'),
(141, 138, 'Deloria', '5773982699', '0000-00-00 00:00:00', '0000-00-00 00:00:00'),
(142, 139, 'Dom', '9707627426', '0000-00-00 00:00:00', '0000-00-00 00:00:00'),
(143, 140, 'Caspar', '5741257977', '0000-00-00 00:00:00', '0000-00-00 00:00:00'),
(144, 141, 'Meara', '3497542219', '0000-00-00 00:00:00', '0000-00-00 00:00:00'),
(145, 142, 'Stormie', '4777969837', '0000-00-00 00:00:00', '0000-00-00 00:00:00'),
(146, 143, 'Pooh', '2743011581', '0000-00-00 00:00:00', '0000-00-00 00:00:00'),
(147, 144, 'Angie', '6065757020', '0000-00-00 00:00:00', '0000-00-00 00:00:00'),
(148, 145, 'Hortensia', '3119160026', '0000-00-00 00:00:00', '0000-00-00 00:00:00'),
(149, 146, 'Maressa', '3289634613', '0000-00-00 00:00:00', '0000-00-00 00:00:00'),
(150, 147, 'Sapphira', '8046199792', '0000-00-00 00:00:00', '0000-00-00 00:00:00'),
(151, 148, 'Archibold', '6641610742', '0000-00-00 00:00:00', '0000-00-00 00:00:00'),
(152, 149, 'Gabriell', '1526707417', '0000-00-00 00:00:00', '0000-00-00 00:00:00'),
(153, 150, 'Bethina', '7888347809', '0000-00-00 00:00:00', '0000-00-00 00:00:00'),
(154, 151, 'Elsey', '1911638735', '0000-00-00 00:00:00', '0000-00-00 00:00:00'),
(155, 152, 'Kaleena', '8747924950', '0000-00-00 00:00:00', '0000-00-00 00:00:00'),
(156, 153, 'Livy', '8478190881', '0000-00-00 00:00:00', '0000-00-00 00:00:00'),
(157, 154, 'Pavlov', '7197329318', '0000-00-00 00:00:00', '0000-00-00 00:00:00'),
(158, 155, 'Darbie', '9536444932', '0000-00-00 00:00:00', '0000-00-00 00:00:00'),
(159, 156, 'Carlota', '1208657127', '0000-00-00 00:00:00', '0000-00-00 00:00:00'),
(160, 157, 'Clementia', '4414200475', '0000-00-00 00:00:00', '0000-00-00 00:00:00'),
(161, 158, 'Craggy', '2651401329', '0000-00-00 00:00:00', '0000-00-00 00:00:00'),
(162, 159, 'Pippo', '7091631261', '0000-00-00 00:00:00', '0000-00-00 00:00:00'),
(163, 160, 'Moe', '2991656164', '0000-00-00 00:00:00', '0000-00-00 00:00:00'),
(164, 161, 'Rollie', '6567917039', '0000-00-00 00:00:00', '0000-00-00 00:00:00'),
(165, 162, 'Jesse', '5359967239', '0000-00-00 00:00:00', '0000-00-00 00:00:00'),
(166, 163, 'Jaimie', '3178067085', '0000-00-00 00:00:00', '0000-00-00 00:00:00'),
(167, 164, 'Isidro', '4353630077', '0000-00-00 00:00:00', '0000-00-00 00:00:00'),
(168, 165, 'Dareen', '7932682937', '0000-00-00 00:00:00', '0000-00-00 00:00:00'),
(169, 166, 'Ava', '7668299707', '0000-00-00 00:00:00', '0000-00-00 00:00:00'),
(170, 167, 'Augy', '6286780845', '0000-00-00 00:00:00', '0000-00-00 00:00:00'),
(171, 168, 'Robenia', '6147345922', '0000-00-00 00:00:00', '0000-00-00 00:00:00'),
(172, 169, 'Khalil', '8769291003', '0000-00-00 00:00:00', '0000-00-00 00:00:00'),
(173, 170, 'Renae', '1012749034', '0000-00-00 00:00:00', '0000-00-00 00:00:00'),
(174, 171, 'Daryl', '9999602987', '0000-00-00 00:00:00', '0000-00-00 00:00:00'),
(175, 172, 'Gary', '3641238308', '0000-00-00 00:00:00', '0000-00-00 00:00:00'),
(176, 173, 'Delmar', '5914608733', '0000-00-00 00:00:00', '0000-00-00 00:00:00'),
(177, 174, 'Budd', '4205968298', '0000-00-00 00:00:00', '0000-00-00 00:00:00'),
(178, 175, 'Leon', '9441456321', '0000-00-00 00:00:00', '0000-00-00 00:00:00'),
(179, 176, 'Arline', '7872634208', '0000-00-00 00:00:00', '0000-00-00 00:00:00'),
(180, 177, 'Mervin', '3567041892', '0000-00-00 00:00:00', '0000-00-00 00:00:00'),
(181, 178, 'Jonah', '9561250438', '0000-00-00 00:00:00', '0000-00-00 00:00:00'),
(182, 179, 'Glad', '9812993556', '0000-00-00 00:00:00', '0000-00-00 00:00:00'),
(183, 180, 'Scotti', '6928264373', '0000-00-00 00:00:00', '0000-00-00 00:00:00'),
(184, 181, 'Gilli', '4979701078', '0000-00-00 00:00:00', '0000-00-00 00:00:00'),
(185, 182, 'Kerwin', '7589400990', '0000-00-00 00:00:00', '0000-00-00 00:00:00'),
(186, 183, 'Emylee', '9799916374', '0000-00-00 00:00:00', '0000-00-00 00:00:00'),
(187, 184, 'Dorene', '9973939210', '0000-00-00 00:00:00', '0000-00-00 00:00:00'),
(188, 185, 'Shaylah', '5418127837', '0000-00-00 00:00:00', '0000-00-00 00:00:00'),
(189, 186, 'Linea', '5822883377', '0000-00-00 00:00:00', '0000-00-00 00:00:00'),
(190, 187, 'Rosene', '3175132500', '0000-00-00 00:00:00', '0000-00-00 00:00:00'),
(191, 188, 'Cicely', '2934654480', '0000-00-00 00:00:00', '0000-00-00 00:00:00'),
(192, 189, 'Chic', '7705742360', '0000-00-00 00:00:00', '0000-00-00 00:00:00'),
(193, 190, 'Romona', '6444188681', '0000-00-00 00:00:00', '0000-00-00 00:00:00'),
(194, 191, 'Camey', '4162587614', '0000-00-00 00:00:00', '0000-00-00 00:00:00'),
(195, 192, 'Bear', '5756260625', '0000-00-00 00:00:00', '0000-00-00 00:00:00'),
(196, 193, 'Zena', '1428286717', '0000-00-00 00:00:00', '0000-00-00 00:00:00'),
(197, 194, 'Linn', '6833967184', '0000-00-00 00:00:00', '0000-00-00 00:00:00'),
(198, 195, 'Ichabod', '9437769724', '0000-00-00 00:00:00', '0000-00-00 00:00:00'),
(199, 196, 'Mattie', '5258653401', '0000-00-00 00:00:00', '0000-00-00 00:00:00'),
(200, 197, 'Caprice', '4377540743', '0000-00-00 00:00:00', '0000-00-00 00:00:00'),
(201, 198, 'Marthe', '3223795205', '0000-00-00 00:00:00', '0000-00-00 00:00:00'),
(202, 199, 'Harriott', '3668399078', '0000-00-00 00:00:00', '0000-00-00 00:00:00'),
(203, 200, 'Dorothee', '8377321956', '0000-00-00 00:00:00', '0000-00-00 00:00:00'),
(204, 201, 'Feodora', '6422074831', '0000-00-00 00:00:00', '0000-00-00 00:00:00'),
(205, 202, 'Drusy', '6582096037', '0000-00-00 00:00:00', '0000-00-00 00:00:00');

--
-- Indexes for dumped tables
--

--
-- Indexes for table `areas`
--
ALTER TABLE `areas`
  ADD PRIMARY KEY (`id`);

--
-- Indexes for table `availability`
--
ALTER TABLE `availability`
  ADD PRIMARY KEY (`id`),
  ADD KEY `volunteer_id` (`volunteer_id`);

--
-- Indexes for table `client`
--
ALTER TABLE `client`
  ADD PRIMARY KEY (`id`),
  ADD KEY `area_id` (`area_id`);

--
-- Indexes for table `teams`
--
ALTER TABLE `teams`
  ADD PRIMARY KEY (`id`);

--
-- Indexes for table `team_client`
--
ALTER TABLE `team_client`
  ADD PRIMARY KEY (`id`),
  ADD KEY `client_id` (`client_id`),
  ADD KEY `team_id` (`team_id`);

--
-- Indexes for table `volunteers`
--
ALTER TABLE `volunteers`
  ADD PRIMARY KEY (`id`);

--
-- Indexes for table `volunteer_references`
--
ALTER TABLE `volunteer_references`
  ADD PRIMARY KEY (`id`),
  ADD KEY `volunteer_id` (`volunteer_id`);

--
-- AUTO_INCREMENT for dumped tables
--

--
-- AUTO_INCREMENT for table `areas`
--
ALTER TABLE `areas`
  MODIFY `id` int(11) NOT NULL AUTO_INCREMENT, AUTO_INCREMENT=6;

--
-- AUTO_INCREMENT for table `availability`
--
ALTER TABLE `availability`
  MODIFY `id` int(11) NOT NULL AUTO_INCREMENT, AUTO_INCREMENT=201;

--
-- AUTO_INCREMENT for table `client`
--
ALTER TABLE `client`
  MODIFY `id` int(11) NOT NULL AUTO_INCREMENT, AUTO_INCREMENT=51;

--
-- AUTO_INCREMENT for table `teams`
--
ALTER TABLE `teams`
  MODIFY `id` int(11) NOT NULL AUTO_INCREMENT, AUTO_INCREMENT=24;

--
-- AUTO_INCREMENT for table `team_client`
--
ALTER TABLE `team_client`
  MODIFY `id` int(11) NOT NULL AUTO_INCREMENT, AUTO_INCREMENT=10;

--
-- AUTO_INCREMENT for table `volunteers`
--
ALTER TABLE `volunteers`
  MODIFY `id` int(11) NOT NULL AUTO_INCREMENT, AUTO_INCREMENT=203;

--
-- AUTO_INCREMENT for table `volunteer_references`
--
ALTER TABLE `volunteer_references`
  MODIFY `id` int(11) NOT NULL AUTO_INCREMENT, AUTO_INCREMENT=206;

--
-- Constraints for dumped tables
--

--
-- Constraints for table `availability`
--
ALTER TABLE `availability`
  ADD CONSTRAINT `availability_ibfk_1` FOREIGN KEY (`volunteer_id`) REFERENCES `volunteers` (`id`) ON DELETE NO ACTION ON UPDATE NO ACTION;

--
-- Constraints for table `client`
--
ALTER TABLE `client`
  ADD CONSTRAINT `client_ibfk_1` FOREIGN KEY (`area_id`) REFERENCES `areas` (`id`) ON DELETE NO ACTION ON UPDATE NO ACTION;

--
-- Constraints for table `team_client`
--
ALTER TABLE `team_client`
  ADD CONSTRAINT `team_client_ibfk_2` FOREIGN KEY (`client_id`) REFERENCES `client` (`id`) ON DELETE NO ACTION ON UPDATE NO ACTION,
  ADD CONSTRAINT `team_client_ibfk_3` FOREIGN KEY (`team_id`) REFERENCES `teams` (`id`) ON DELETE NO ACTION ON UPDATE NO ACTION;

--
-- Constraints for table `volunteer_references`
--
ALTER TABLE `volunteer_references`
  ADD CONSTRAINT `volunteer_references_ibfk_1` FOREIGN KEY (`volunteer_id`) REFERENCES `volunteers` (`id`) ON DELETE NO ACTION ON UPDATE NO ACTION;
COMMIT;
